"region","Year","decile","rent_own_ratio"
12060,1985,0,0.403936594358695
12060,1985,1,0.0760789013480199
12060,1985,2,0.142075726950449
12060,1985,3,0.394871725882179
12060,1985,4,0.162261566682676
12060,1985,5,0.437811055229181
12060,1985,6,0
12060,1985,7,0
12060,1985,8,0
12060,1985,9,0
12060,1987,0,0.536176229481696
12060,1987,1,0.729492979819881
12060,1987,2,0.202850963490031
12060,1987,3,0.123835584488749
12060,1987,4,0.211483212051115
12060,1987,5,0.247141430976472
12060,1987,6,0
12060,1987,7,0.139789931175989
12060,1987,8,0.0588952360753075
12060,1987,9,0
12060,1989,0,0.514484125880221
12060,1989,1,1.44084653130073
12060,1989,2,0.293123541345341
12060,1989,3,0.316840063567896
12060,1989,4,0.428544810881312
12060,1989,5,0.288777491299858
12060,1989,6,0.273901960484286
12060,1989,7,0
12060,1989,8,0
12060,1989,9,0
12060,1991,0,0.573863394042669
12060,1991,1,0.537221813991644
12060,1991,2,0.0702153046954186
12060,1991,3,0.331287199968278
12060,1991,4,0.0910770438612533
12060,1991,5,0
12060,1991,6,0.0522454232577765
12060,1991,7,0.0590455786849446
12060,1991,8,0
12060,1991,9,0
12060,1993,0,0.471752160023397
12060,1993,1,0.34617136947591
12060,1993,2,0.0996609730717617
12060,1993,3,0.117879613749031
12060,1993,4,0.248543610719894
12060,1993,5,0.23138550444886
12060,1993,6,0.242529247067886
12060,1993,7,0.0660527036477913
12060,1993,8,0
12060,1993,9,0
12060,1995,0,1.19262943410944
12060,1995,1,0.592209157143376
12060,1995,2,0.627420743556024
12060,1995,3,0.35815460553495
12060,1995,4,0.165697291977716
12060,1995,5,0
12060,1995,6,0.124242255980142
12060,1995,7,0.123496088907549
12060,1995,8,0
12060,1995,9,0.0643587241493606
12060,1997,0,0.810220952565615
12060,1997,1,0.39956760967487
12060,1997,2,0.226703230046066
12060,1997,3,0.0854483896165903
12060,1997,4,0.384005890208988
12060,1997,5,0.0708476934590544
12060,1997,6,0
12060,1997,7,0
12060,1997,8,0.0971445568495266
12060,1997,9,0
12060,1999,0,1.85616176502168
12060,1999,1,0.499801944925704
12060,1999,2,0.615576886110901
12060,1999,3,0.325978869024388
12060,1999,4,0.0777477986219544
12060,1999,5,0.293536941401902
12060,1999,6,0.177371370389077
12060,1999,7,0
12060,1999,8,0
12060,1999,9,0
12060,2001,0,1.03130720991727
12060,2001,1,0.370688855750094
12060,2001,2,0.427662966735604
12060,2001,3,0.288805812936185
12060,2001,4,0.192825951851356
12060,2001,5,0.135370176380761
12060,2001,6,0.23614916799613
12060,2001,7,0
12060,2001,8,0
12060,2001,9,0
12060,2003,0,2.43354560409068
12060,2003,1,0.74093634959589
12060,2003,2,0.29851144595322
12060,2003,3,0.554087635810857
12060,2003,4,0.330053139389045
12060,2003,5,0.0615609308714087
12060,2003,6,0.0722365490661249
12060,2003,7,0.0572389555826445
12060,2003,8,0.0724953767129129
12060,2003,9,0
12060,2005,0,2.36658529303405
12060,2005,1,1.02735313337465
12060,2005,2,0.528663487805642
12060,2005,3,0.489893433530932
12060,2005,4,0.329891413706714
12060,2005,5,0.126756022447097
12060,2005,6,0.0402764981948868
12060,2005,7,0.107559280449127
12060,2005,8,0.209052918622862
12060,2005,9,0
12060,2007,0,0.965694325723104
12060,2007,1,0.388308538665997
12060,2007,2,0.337277231731408
12060,2007,3,1.2100228031667
12060,2007,4,0.245302919020805
12060,2007,5,0.0721839128700292
12060,2007,6,0.292442935517331
12060,2007,7,0
12060,2007,8,0
12060,2007,9,0
12060,2009,0,0.354502704288004
12060,2009,1,0.634411342413093
12060,2009,2,0.249447348909583
12060,2009,3,0.68362589303387
12060,2009,4,0.0771933660492511
12060,2009,5,0.592054483413945
12060,2009,6,0.152510190449952
12060,2009,7,0.24143441749688
12060,2009,8,0.0894027628046285
12060,2009,9,0
12060,2011,0,1.76268567314917
12060,2011,1,1.36953667695694
12060,2011,2,0.886512724435461
12060,2011,3,0.0621318398698469
12060,2011,4,0.321125222352197
12060,2011,5,0.332883278718079
12060,2011,6,0.440105031932624
12060,2011,7,0.22416514399046
12060,2011,8,0.0829574281781459
12060,2011,9,0.253002771103492
12060,2013,0,0.644884543561323
12060,2013,1,2.97949802790584
12060,2013,2,0.3736737621883
12060,2013,3,0.437957023465023
12060,2013,4,0.427051792074818
12060,2013,5,0.218453093217054
12060,2013,6,0.0833994605418408
12060,2013,7,0.285596640210303
12060,2013,8,0.263275670435602
12060,2013,9,0
12060,2015,0,0.565423423002641
12060,2015,1,0.312174357281785
12060,2015,2,0.239676409726322
12060,2015,3,0.302610056279857
12060,2015,4,0.168569846024126
12060,2015,5,0.193553634848478
12060,2015,6,0.122618526247802
12060,2015,7,0.0626250201816307
12060,2015,8,0.0365386191722073
12060,2015,9,0.0159659465262998
12060,2015,NA,0.824429526052901
12060,2017,0,1.05836256913863
12060,2017,1,0.494497448482126
12060,2017,2,0.342655545788674
12060,2017,3,0.326764137483982
12060,2017,4,0.22462350435437
12060,2017,5,0.246112704233205
12060,2017,6,0.178799953907072
12060,2017,7,0.0965472961751952
12060,2017,8,0.0447118951155275
12060,2017,9,0.0144154839015504
12060,2017,NA,0.723097531642153
12060,2019,0,0.672714540356657
12060,2019,1,0.331637736543919
12060,2019,2,0.257732805275432
12060,2019,3,0.286475577840613
12060,2019,4,0.192208233780838
12060,2019,5,0.181460297637336
12060,2019,6,0.148383384364247
12060,2019,7,0.0972877525760214
12060,2019,8,0.0808310122785837
12060,2019,9,0.00615865075426601
12060,2019,NA,0.45480435966094
14460,2015,0,0.48084628052756
14460,2015,1,0.267037753922894
14460,2015,2,0.00357215356791543
14460,2015,3,0.0724674614412931
14460,2015,4,0.058345952985219
14460,2015,5,0.0831751708628741
14460,2015,6,0.0573439884482471
14460,2015,7,0
14460,2015,8,0
14460,2015,9,0.0296844816747798
14460,2015,NA,0.253559967985747
14460,2017,0,0.964920823288509
14460,2017,1,0.231797863621934
14460,2017,2,0.141450418550033
14460,2017,3,0.0932719027558938
14460,2017,4,0.0626557926082799
14460,2017,5,0.0451471786856395
14460,2017,6,0.0159212795582272
14460,2017,7,0.0964732933253449
14460,2017,8,0.0217677126822402
14460,2017,9,0.0127792765056204
14460,2017,NA,0.35584988712218
14460,2019,0,0.768444081926506
14460,2019,1,0.228044917624325
14460,2019,2,0.148171700347871
14460,2019,3,0.0345670241746494
14460,2019,4,0.0858616069957382
14460,2019,5,0.0557643465120345
14460,2019,6,0.0612719765249742
14460,2019,7,0.033304449274021
14460,2019,8,0.0112253315008582
14460,2019,9,0.00919828980840747
14460,2019,NA,0.223178901908465
16980,1985,0,0.25121748041905
16980,1985,1,0.0765914685603831
16980,1985,2,0.0803210989393645
16980,1985,3,0.085387375350926
16980,1985,4,0.0260861753942175
16980,1985,5,0.0571545955520567
16980,1985,6,0
16980,1985,7,0.0488823945880294
16980,1985,8,0.0252677316659586
16980,1985,9,0
16980,1987,0,0.207256311418251
16980,1987,1,0.0518923425676038
16980,1987,2,0.0514803943661849
16980,1987,3,0.0817376691429535
16980,1987,4,0.0219949416017241
16980,1987,5,0
16980,1987,6,0.0228589875959659
16980,1987,7,0
16980,1987,8,0.02183361524912
16980,1987,9,0
16980,1989,0,0.453595901249169
16980,1989,1,0.107091933589647
16980,1989,2,0.0265477591405342
16980,1989,3,0.0611701547304614
16980,1989,4,0.0187285450484931
16980,1989,5,0.0241302668014283
16980,1989,6,0
16980,1989,7,0.0448864364273674
16980,1989,8,0.036641953847639
16980,1989,9,0
16980,1991,0,0.230128826082075
16980,1991,1,0.104045250513075
16980,1991,2,0.0895566412483739
16980,1991,3,0
16980,1991,4,0.0281397398404326
16980,1991,5,0.100757720961684
16980,1991,6,0.0477929178267137
16980,1991,7,0.0216949990457776
16980,1991,8,0.0274513029133621
16980,1991,9,0.0272345889825601
16980,1993,0,0.433868122531774
16980,1993,1,0.169741153451846
16980,1993,2,0.0454868502287433
16980,1993,3,0.0555718239417714
16980,1993,4,0.0196029022972396
16980,1993,5,0.074098031046729
16980,1993,6,0.0270700672204812
16980,1993,7,0.0231687053338983
16980,1993,8,0.0427033265784006
16980,1993,9,0
16980,1995,0,0.223214109607727
16980,1995,1,0.0340554097598246
16980,1995,2,0.0429123888570764
16980,1995,3,0.0522761582347426
16980,1995,4,0.0760318324251384
16980,1995,5,0.0661340378219333
16980,1995,6,0.0115282829541762
16980,1995,7,0
16980,1995,8,0.0236078952388926
16980,1995,9,0
16980,1997,0,0.172673472140335
16980,1997,1,0.0778582865433595
16980,1997,2,0.0275656467374052
16980,1997,3,0.0756213731337969
16980,1997,4,0
16980,1997,5,0
16980,1997,6,0.0260837524375711
16980,1997,7,0.0339515410969706
16980,1997,8,0.0239371480051856
16980,1997,9,0.0236209254035954
16980,1999,0,0.29109266296267
16980,1999,1,0.15027346394344
16980,1999,2,0.0935896147942457
16980,1999,3,0.0113431331749248
16980,1999,4,0.0780467573785353
16980,1999,5,0
16980,1999,6,0.0221436025140385
16980,1999,7,0.0392244425449637
16980,1999,8,0.0240220340153079
16980,1999,9,0.011788775416732
16980,2001,0,0.345603953536197
16980,2001,1,0.0827113791506789
16980,2001,2,0.0475124922839447
16980,2001,3,0.0270697625270686
16980,2001,4,0.0472740268037021
16980,2001,5,0
16980,2001,6,0.0216485534772191
16980,2001,7,0.052436690633339
16980,2001,8,0
16980,2001,9,0
16980,2003,0,0.303004480217249
16980,2003,1,0.113956176078617
16980,2003,2,0.0317758182985868
16980,2003,3,0.107652677455581
16980,2003,4,0.0326317248483009
16980,2003,5,0.0324379951521719
16980,2003,6,0.0102753505651138
16980,2003,7,0.0127863117269357
16980,2003,8,0.022928196074308
16980,2003,9,0.0134619336562003
16980,2005,0,0.232931155213894
16980,2005,1,0.073719134799716
16980,2005,2,0.0537855346069578
16980,2005,3,0.0408604972302126
16980,2005,4,0.0931476068776841
16980,2005,5,0.0529091370557364
16980,2005,6,0.0226216293324839
16980,2005,7,0.0573897900860365
16980,2005,8,0.0275665311348116
16980,2005,9,0
16980,2007,0,0.173336148457939
16980,2007,1,0.0661593548591797
16980,2007,2,0.0263735156896588
16980,2007,3,0.0653495522641905
16980,2007,4,0.108936551809074
16980,2007,5,0.06662965483534
16980,2007,6,0.0636280506816341
16980,2007,7,0.0291634883461414
16980,2007,8,0
16980,2007,9,0.0265387014093411
16980,2009,0,0.559247383863629
16980,2009,1,0.195126482838582
16980,2009,2,0.211868621485343
16980,2009,3,0.0705441018716455
16980,2009,4,0.0669279833623235
16980,2009,5,0.0912647987525147
16980,2009,6,0.023973823461205
16980,2009,7,0.0229124145140125
16980,2009,8,0
16980,2009,9,0.0252337296711534
16980,2011,0,0.556094976964769
16980,2011,1,0.112784787970395
16980,2011,2,0.193690530423107
16980,2011,3,0.105365992475493
16980,2011,4,0.126540677524673
16980,2011,5,0.0300958290420649
16980,2011,6,0.0367690508040995
16980,2011,7,0.0561590595728503
16980,2011,8,0.0332045021507451
16980,2011,9,0.0459992766276134
16980,2013,0,0.361510827329592
16980,2013,1,0.422793605859779
16980,2013,2,0.140087106678303
16980,2013,3,0.216623422141151
16980,2013,4,0.0338609952881634
16980,2013,5,0.0339085091334488
16980,2013,6,0
16980,2013,7,0.0238751994013679
16980,2013,8,0
16980,2013,9,0.0582009057987832
16980,2015,0,0.557524875001432
16980,2015,1,0.195864149659828
16980,2015,2,0.132634244962399
16980,2015,3,0.117318558660909
16980,2015,4,0.159265055913303
16980,2015,5,0.0925626081895833
16980,2015,6,0.108036893666479
16980,2015,7,0.0604240687716589
16980,2015,8,0.0409976617065964
16980,2015,9,0.0196654496493101
16980,2015,NA,0.353296162438021
16980,2017,0,0.413412883774715
16980,2017,1,0.23329969909147
16980,2017,2,0.115891059987845
16980,2017,3,0.114253565935909
16980,2017,4,0.147976484746503
16980,2017,5,0.163959965305135
16980,2017,6,0.0791977656261256
16980,2017,7,0.0296386997468641
16980,2017,8,0.0462903994687148
16980,2017,9,0.0112343728971194
16980,2017,NA,0.243694561385324
16980,2019,0,0.472776500717348
16980,2019,1,0.17173562475705
16980,2019,2,0.0951936212648993
16980,2019,3,0.078429088201129
16980,2019,4,0.127734163865999
16980,2019,5,0.121529688501278
16980,2019,6,0.110948031211346
16980,2019,7,0.0513608180256244
16980,2019,8,0.0535119641790425
16980,2019,9,0.018368829976628
16980,2019,NA,0.215288682472696
19100,1985,0,0.901185429429991
19100,1985,1,0.565506682915071
19100,1985,2,0.16464388071457
19100,1985,3,0.114726836127315
19100,1985,4,0.215241283205777
19100,1985,5,0.189926051340786
19100,1985,6,0.111146954540125
19100,1985,7,0.0692260684741735
19100,1985,8,0
19100,1985,9,0.0702785424810984
19100,1987,0,0.967710003442123
19100,1987,1,0.445060610336222
19100,1987,2,0.313062286454934
19100,1987,3,0.23013345394068
19100,1987,4,0.109488889866979
19100,1987,5,0.116526842342842
19100,1987,6,0.268590981115935
19100,1987,7,0.134043386235793
19100,1987,8,0.0342361265017038
19100,1987,9,0.0341547118809781
19100,1989,0,0.576477182263667
19100,1989,1,0.789258860513129
19100,1989,2,0.388465178365062
19100,1989,3,0.345217811566241
19100,1989,4,0.244185919415996
19100,1989,5,0.0381790518372046
19100,1989,6,0.0979560569326894
19100,1989,7,0.0900122060692822
19100,1989,8,0.0802227138395932
19100,1989,9,0.0613676554810418
19100,1991,0,1.13580923705689
19100,1991,1,0.45499917208791
19100,1991,2,0.210616394406554
19100,1991,3,0.297638492038379
19100,1991,4,0.191047625449984
19100,1991,5,0.0441809850416927
19100,1991,6,0.0775774869949446
19100,1991,7,0.123988516164746
19100,1991,8,0.187991203424611
19100,1991,9,0.0347489130220796
19100,1993,0,0.856384681249587
19100,1993,1,0.532428818569036
19100,1993,2,0.149222504890792
19100,1993,3,0.322684103397076
19100,1993,4,0.232777893187672
19100,1993,5,0.0527288047870079
19100,1993,6,0.106552799526445
19100,1993,7,0.0336608069173722
19100,1993,8,0.0875456538698504
19100,1993,9,0.0265956053015346
19100,1995,0,0.628800131710004
19100,1995,1,0.371604250142455
19100,1995,2,0.259244728429873
19100,1995,3,0.412413443759135
19100,1995,4,0.0267079072548532
19100,1995,5,0.219355938406315
19100,1995,6,0.0654828889183341
19100,1995,7,0.197622396808776
19100,1995,8,0.0507733274919053
19100,1995,9,0.0298708810466588
19100,1997,0,0.938247503409486
19100,1997,1,0.366821778049724
19100,1997,2,0.288782519378098
19100,1997,3,0.313589089201755
19100,1997,4,0.07453846973215
19100,1997,5,0.0471384156956687
19100,1997,6,0.205841146400757
19100,1997,7,0.0859984036218703
19100,1997,8,0.0485343417774228
19100,1997,9,0.0402613420907543
19100,1999,0,1.20667863999014
19100,1999,1,0.488594659397639
19100,1999,2,0.174889074727187
19100,1999,3,0.18744476227548
19100,1999,4,0.200838767055514
19100,1999,5,0.108415570739882
19100,1999,6,0.170949267541397
19100,1999,7,0.0370181943362922
19100,1999,8,0.111993880234869
19100,1999,9,0.034390626341291
19100,2001,0,0.767787162334811
19100,2001,1,0.517707372663832
19100,2001,2,0.361616290363123
19100,2001,3,0.346595840235688
19100,2001,4,0.115363236201103
19100,2001,5,0.14181877273048
19100,2001,6,0.192726589498713
19100,2001,7,0.0853102856642086
19100,2001,8,0.0394650866828677
19100,2001,9,0
19100,2003,0,1.97472645412174
19100,2003,1,0.390912775406261
19100,2003,2,0.464178066470512
19100,2003,3,0.320376394809398
19100,2003,4,0.2733058300259
19100,2003,5,0.0732431586676406
19100,2003,6,0.0733637046181126
19100,2003,7,0.0716160857018113
19100,2003,8,0.0366011628845832
19100,2003,9,0
19100,2005,0,0.807043989096558
19100,2005,1,0.133718808432907
19100,2005,2,0.270506159416893
19100,2005,3,0.246681445118828
19100,2005,4,0.0336250582354536
19100,2005,5,0.0735380135704159
19100,2005,6,0.121208773189211
19100,2005,7,0.109542542333628
19100,2005,8,0.036338874094838
19100,2005,9,0
19100,2007,0,1.08684699938748
19100,2007,1,0.167016967295248
19100,2007,2,0.242238974102596
19100,2007,3,0.12757096341266
19100,2007,4,0.14713371532686
19100,2007,5,0.177475660542849
19100,2007,6,0.0245691181190551
19100,2007,7,0.297495305768855
19100,2007,8,0.0366032214013348
19100,2007,9,0
19100,2009,0,1.0997233569846
19100,2009,1,0.286348716408232
19100,2009,2,0.165876898100721
19100,2009,3,0.142836514393105
19100,2009,4,0.219169254163446
19100,2009,5,0.140691787403202
19100,2009,6,0.161484053636236
19100,2009,7,0.203571768878888
19100,2009,8,0.100051375188458
19100,2009,9,0
19100,2011,0,1.24553523862571
19100,2011,1,0.539014265623329
19100,2011,2,0.239958073436002
19100,2011,3,0.1838912023397
19100,2011,4,0.18014094119748
19100,2011,5,0.061463609700642
19100,2011,6,0.212570086416027
19100,2011,7,0.197990088953527
19100,2011,8,0.0675198249056997
19100,2011,9,0.0692904688540736
19100,2013,0,1.66277766381591
19100,2013,1,0.288366081133152
19100,2013,2,0.287449020373966
19100,2013,3,0.1526605136834
19100,2013,4,0.420062973205121
19100,2013,5,0.233562813594739
19100,2013,6,0.338335990336509
19100,2013,7,0.172753092786792
19100,2013,8,0.0881676250168277
19100,2013,9,0
19100,2015,0,1.34359859308572
19100,2015,1,0.515014212068537
19100,2015,2,0.206008661040145
19100,2015,3,0.216272365143444
19100,2015,4,0.208533769163432
19100,2015,5,0.136076047130066
19100,2015,6,0.183223723192663
19100,2015,7,0.168056321966608
19100,2015,8,0.0528587421594676
19100,2015,9,0.00700562686520996
19100,2015,NA,0.568273591622876
19100,2017,0,1.17139462253294
19100,2017,1,0.328097480829589
19100,2017,2,0.233017609937771
19100,2017,3,0.309916993033683
19100,2017,4,0.145485435309194
19100,2017,5,0.273751529139361
19100,2017,6,0.17345163104176
19100,2017,7,0.108445778904253
19100,2017,8,0.0653296917202816
19100,2017,9,0.0141804347331734
19100,2017,NA,0.642612753445846
19100,2019,0,0.676487874279657
19100,2019,1,0.274380517978102
19100,2019,2,0.199702127654424
19100,2019,3,0.219986981703438
19100,2019,4,0.138514776885474
19100,2019,5,0.228074830164891
19100,2019,6,0.223983908874883
19100,2019,7,0.0884353040134623
19100,2019,8,0.0162749819819613
19100,2019,9,0.0217993514306091
19100,2019,NA,0.360292495450554
19820,1985,0,0.601805726542372
19820,1985,1,0.217166445183809
19820,1985,2,0.217465692963708
19820,1985,3,0.326592340118958
19820,1985,4,0.100981824020072
19820,1985,5,0.12306630147
19820,1985,6,0.1377439249068
19820,1985,7,0.0571266066564425
19820,1985,8,0.0322362047673572
19820,1985,9,0
19820,1987,0,0.556608215262563
19820,1987,1,0.323674181229753
19820,1987,2,0.302205619091554
19820,1987,3,0.312919219809431
19820,1987,4,0.0858646373365042
19820,1987,5,0.152215920403499
19820,1987,6,0
19820,1987,7,0.0563202099803326
19820,1987,8,0.0592425589354921
19820,1987,9,0.0252678645600832
19820,1989,0,0.610280198076279
19820,1989,1,0.180281501678298
19820,1989,2,0.172433346293812
19820,1989,3,0.138622188506265
19820,1989,4,0.16264936385585
19820,1989,5,0.115437141940596
19820,1989,6,0.0732340868507356
19820,1989,7,0
19820,1989,8,0
19820,1989,9,0.0579305878970864
19820,1991,0,0.652340781266708
19820,1991,1,0.288092445416914
19820,1991,2,0.172402005871443
19820,1991,3,0.0603142489535776
19820,1991,4,0.0853838005918074
19820,1991,5,0.103498610403394
19820,1991,6,0.0937377116422097
19820,1991,7,0.0262243117409897
19820,1991,8,0.0354726391600535
19820,1991,9,0
19820,1993,0,0.66077393750954
19820,1993,1,0.165579856704149
19820,1993,2,0.404586106274475
19820,1993,3,0.0718307561702488
19820,1993,4,0.0361182557461119
19820,1993,5,0.0277633251893605
19820,1993,6,0.050855358268262
19820,1993,7,0.0236593600667968
19820,1993,8,0
19820,1993,9,0.026166339895267
19820,1995,0,0.430056458107196
19820,1995,1,0.25768558189304
19820,1995,2,0.215332961760196
19820,1995,3,0.0674847391127941
19820,1995,4,0.145334834642959
19820,1995,5,0.0401031673808319
19820,1995,6,0.0224301788945978
19820,1995,7,0.011429183820065
19820,1995,8,0.0105985954471079
19820,1995,9,0.0233718047710001
19820,1997,0,0.322667187184056
19820,1997,1,0.108947301754863
19820,1997,2,0.0701711304992616
19820,1997,3,0.0783058963849722
19820,1997,4,0.0297000158419961
19820,1997,5,0.027257724884336
19820,1997,6,0
19820,1997,7,0.045969873426022
19820,1997,8,0
19820,1997,9,0
19820,1999,0,0.342277992144491
19820,1999,1,0.236046118412477
19820,1999,2,0.142347277214241
19820,1999,3,0.0824924846800522
19820,1999,4,0.0449326670755478
19820,1999,5,0.0700381372901705
19820,1999,6,0
19820,1999,7,0.0291859703240175
19820,1999,8,0.00819695527015897
19820,1999,9,0.00914025982922944
19820,2001,0,0.340035131883078
19820,2001,1,0.21566866246863
19820,2001,2,0.117447450470388
19820,2001,3,0.0280781439401239
19820,2001,4,0.111429125059048
19820,2001,5,0.0785263157492837
19820,2001,6,0.0158527010724852
19820,2001,7,0.0196104595818196
19820,2001,8,0
19820,2001,9,0
19820,2003,0,0.441718851764878
19820,2003,1,0.363889531508386
19820,2003,2,0.100399847655606
19820,2003,3,0.0800911181909617
19820,2003,4,0.0602085360533706
19820,2003,5,0.038532357981744
19820,2003,6,0.0124888900886148
19820,2003,7,0.0211466259406697
19820,2003,8,0
19820,2003,9,0
19820,2005,0,0.239377918396962
19820,2005,1,0.295396570075855
19820,2005,2,0.177218318299209
19820,2005,3,0.0633216869497799
19820,2005,4,0.0417192269784328
19820,2005,5,0.0401605577825846
19820,2005,6,0.0204892827295612
19820,2005,7,0
19820,2005,8,0.0228698172564749
19820,2005,9,0.0284601234123356
19820,2007,0,0.330852536665409
19820,2007,1,0.187131129859101
19820,2007,2,0.177661876755206
19820,2007,3,0.170877450281764
19820,2007,4,0.0551579294025304
19820,2007,5,0.0719530316937465
19820,2007,6,0.0242657443631783
19820,2007,7,0.0642332295974458
19820,2007,8,0
19820,2007,9,0
19820,2009,0,0.444664834455914
19820,2009,1,0.237249013515303
19820,2009,2,0.140483698744791
19820,2009,3,0.191977343893956
19820,2009,4,0.0809299953166902
19820,2009,5,0.036810549653462
19820,2009,6,0.112096596371846
19820,2009,7,0.0419326480996729
19820,2009,8,0.0367527091656672
19820,2009,9,0.00739726100430792
19820,2011,0,0.518153297264583
19820,2011,1,0.356658245852147
19820,2011,2,0.267162352690154
19820,2011,3,0.184639047745195
19820,2011,4,0.134337786924598
19820,2011,5,0.10535105858667
19820,2011,6,0.0900989181710768
19820,2011,7,0.020607417397365
19820,2011,8,0
19820,2011,9,0.0432414730466738
19820,2013,0,0.500009838280435
19820,2013,1,0.399212727250559
19820,2013,2,0.278624675235166
19820,2013,3,0.173697535144151
19820,2013,4,0.145404609308217
19820,2013,5,0.10641705193176
19820,2013,6,0.0582815230112472
19820,2013,7,0.0321271241087092
19820,2013,8,0.0318537228118227
19820,2013,9,0.0474204463460785
19820,2015,0,0.882021639261357
19820,2015,1,0.545598405430262
19820,2015,2,0.148767505410443
19820,2015,3,0.226384745213111
19820,2015,4,0.138519812031546
19820,2015,5,0.0787785106201134
19820,2015,6,0.140023898753228
19820,2015,7,0.04419986729453
19820,2015,8,0.0316241490100964
19820,2015,9,0.0215447762646449
19820,2015,NA,0.652470137867164
19820,2017,0,1.12380456756048
19820,2017,1,0.525451261013534
19820,2017,2,0.27020337708572
19820,2017,3,0.222664997531504
19820,2017,4,0.178508068622285
19820,2017,5,0.0613182417498252
19820,2017,6,0.0619771001293941
19820,2017,7,0.0220165995622927
19820,2017,8,0.0156248941956711
19820,2017,9,0.0085932083310115
19820,2017,NA,0.842783914706455
19820,2019,0,0.749113722537329
19820,2019,1,0.367938754808934
19820,2019,2,0.197199970709232
19820,2019,3,0.149788278510237
19820,2019,4,0.174868090479709
19820,2019,5,0.0533275160755315
19820,2019,6,0.090700768371536
19820,2019,7,0.0248276599579991
19820,2019,8,0.0407745011959902
19820,2019,9,0.0315237732987989
19820,2019,NA,0.455908516669658
26420,1985,0,0.653932145800309
26420,1985,1,0.472223278778234
26420,1985,2,0.311779525035024
26420,1985,3,0.178814215785556
26420,1985,4,0.320626894360861
26420,1985,5,0.162406176431698
26420,1985,6,0.106878395790107
26420,1985,7,0.0962123090381712
26420,1985,8,0.134853702877571
26420,1985,9,0.0391755133658416
26420,1987,0,0.821742754824303
26420,1987,1,0.556670370367283
26420,1987,2,0.330841953286624
26420,1987,3,0.383931140253628
26420,1987,4,0.202758413349422
26420,1987,5,0.297157241791089
26420,1987,6,0.133158862067584
26420,1987,7,0.105091204735348
26420,1987,8,0.0908864552430974
26420,1987,9,0.0882343019202418
26420,1989,0,1.34866372354072
26420,1989,1,0.544332438837925
26420,1989,2,0.174260409958545
26420,1989,3,0.39567456496061
26420,1989,4,0.196605651683963
26420,1989,5,0.277963056623206
26420,1989,6,0.0365070886260743
26420,1989,7,0.144925684596056
26420,1989,8,0.189070330296128
26420,1989,9,0.0802733124596476
26420,1991,0,1.31903041064373
26420,1991,1,0.921949139006826
26420,1991,2,0.701389108845908
26420,1991,3,0.654120031836405
26420,1991,4,0.440494745864076
26420,1991,5,0.162367299783066
26420,1991,6,0.165502896592163
26420,1991,7,0.239204689922742
26420,1991,8,0.0614738805821716
26420,1991,9,0.0853091894345191
26420,1993,0,1.08602371267951
26420,1993,1,0.37345736638535
26420,1993,2,0.332080321517842
26420,1993,3,0.123319046717544
26420,1993,4,0.203545298957321
26420,1993,5,0.203684586018559
26420,1993,6,0
26420,1993,7,0.169508497861088
26420,1993,8,0.130266432087093
26420,1993,9,0.0686440939535171
26420,1995,0,0.855236291080177
26420,1995,1,0.205708487221111
26420,1995,2,0.343582716229509
26420,1995,3,0.114102683458165
26420,1995,4,0.306018980182254
26420,1995,5,0.137601956766701
26420,1995,6,0.209824240697321
26420,1995,7,0.0947344136960484
26420,1995,8,0.0360693160907941
26420,1995,9,0.0356609119768902
26420,1997,0,1.62745126108623
26420,1997,1,0.143154830672804
26420,1997,2,0.199760411645034
26420,1997,3,0
26420,1997,4,0.12450825595373
26420,1997,5,0.0588826629544608
26420,1997,6,0
26420,1997,7,0
26420,1997,8,0
26420,1997,9,0
26420,1999,0,1.23898788787867
26420,1999,1,1.65371157192505
26420,1999,2,0.44964338182233
26420,1999,3,0.318427933068601
26420,1999,4,0.0368206354764508
26420,1999,5,0.0435925182052427
26420,1999,6,0
26420,1999,7,0
26420,1999,8,0
26420,1999,9,0.0392595825187456
26420,2001,0,2.35452829851509
26420,2001,1,1.23732570303087
26420,2001,2,0.447842434319961
26420,2001,3,0.406049611200865
26420,2001,4,0.152380553695592
26420,2001,5,0.0844005809261695
26420,2001,6,0
26420,2001,7,0.0302369091210934
26420,2001,8,0.0512066716750369
26420,2001,9,0
26420,2003,0,0.935286821450879
26420,2003,1,0.573174766819483
26420,2003,2,0.296038388538785
26420,2003,3,0.650075643148289
26420,2003,4,0.0519435067315277
26420,2003,5,0.046087211776308
26420,2003,6,0.0536389254948096
26420,2003,7,0.113229942646271
26420,2003,8,0.0572538745231992
26420,2003,9,0
26420,2005,0,0.741881327408532
26420,2005,1,0.438492797535937
26420,2005,2,0.419139276630674
26420,2005,3,0.436200757561975
26420,2005,4,0
26420,2005,5,0.0655675105690549
26420,2005,6,0
26420,2005,7,0
26420,2005,8,0.0577601899732247
26420,2005,9,0
26420,2007,0,0.586819081493936
26420,2007,1,0.330590072664432
26420,2007,2,0.488997382902281
26420,2007,3,0.313103749234206
26420,2007,4,0.141160678895524
26420,2007,5,0
26420,2007,6,0
26420,2007,7,0
26420,2007,8,0.10007173652547
26420,2007,9,0
26420,2009,0,0.662180808352086
26420,2009,1,0.619177597565511
26420,2009,2,0.219236031239642
26420,2009,3,0.504708547172965
26420,2009,4,0.0580416198772802
26420,2009,5,0.062700689807156
26420,2009,6,0.119054226102182
26420,2009,7,0.0531993879745621
26420,2009,8,0
26420,2009,9,0
26420,2011,0,0.34474867004929
26420,2011,1,0.557416272775652
26420,2011,2,0.929390723866581
26420,2011,3,0.451404944732443
26420,2011,4,0.191954808382838
26420,2011,5,0.0978585122856613
26420,2011,6,0.0368154850651417
26420,2011,7,0.114122731027168
26420,2011,8,0.0857697879364136
26420,2011,9,0
26420,2013,0,0.58480535457495
26420,2013,1,0.707654776631625
26420,2013,2,0.333481825665108
26420,2013,3,0.620198005429451
26420,2013,4,0.17212812867636
26420,2013,5,0.088836058043733
26420,2013,6,0.211412224672485
26420,2013,7,0.161308324922688
26420,2013,8,0.0349929568916192
26420,2013,9,0
26420,2015,0,2.95772052627871
26420,2015,1,0.592467323227124
26420,2015,2,0.193754384471814
26420,2015,3,0.172697581320192
26420,2015,4,0.180234909503942
26420,2015,5,0.1371751211453
26420,2015,6,0.0954961871493666
26420,2015,7,0.121237022455477
26420,2015,8,0.0649030348140783
26420,2015,9,0.0398396210288585
26420,2015,NA,0.724700676714709
26420,2017,0,0.905314688101818
26420,2017,1,0.327911413772712
26420,2017,2,0.222836694244355
26420,2017,3,0.109005595119398
26420,2017,4,0.195842421184718
26420,2017,5,0.0769584541826265
26420,2017,6,0.139081271429101
26420,2017,7,0.0704347247906234
26420,2017,8,0.0324701215803809
26420,2017,9,0.0313755905699544
26420,2017,NA,0.76066812063797
26420,2019,0,0.791587343598139
26420,2019,1,0.283370844696766
26420,2019,2,0.166375268465262
26420,2019,3,0.189790106031581
26420,2019,4,0.186575587557826
26420,2019,5,0.126970928624559
26420,2019,6,0.111903056050698
26420,2019,7,0.0409470838909879
26420,2019,8,0.0720920016291839
26420,2019,9,0.0502405815515029
26420,2019,NA,0.948253327392893
31080,1985,0,1.00480570038868
31080,1985,1,0.545144254489228
31080,1985,2,0.364310182673278
31080,1985,3,0.262050948050832
31080,1985,4,0.294284801314678
31080,1985,5,0.123945761130169
31080,1985,6,0.12284883323272
31080,1985,7,0.081854951108457
31080,1985,8,0.172126956741195
31080,1985,9,0.0869646991503251
31080,1987,0,2.06233663721618
31080,1987,1,0.508697434735114
31080,1987,2,0.454275817317807
31080,1987,3,0.206611446278447
31080,1987,4,0.137777829601265
31080,1987,5,0.146866821435848
31080,1987,6,0.054531515781126
31080,1987,7,0.134240019265732
31080,1987,8,0.0753596090091259
31080,1987,9,0.051526291621623
31080,1989,0,1.85368242735283
31080,1989,1,0.45672146402806
31080,1989,2,0.369990130675286
31080,1989,3,0.268760677621381
31080,1989,4,0.308117805453073
31080,1989,5,0.252438387459622
31080,1989,6,0.0432694789140965
31080,1989,7,0.0383179733726231
31080,1989,8,0.0958858659864409
31080,1989,9,0.0185385524137732
31080,1991,0,1.30461810888224
31080,1991,1,0.330207849618452
31080,1991,2,0.418592969118704
31080,1991,3,0.321920673381195
31080,1991,4,0.286452315963177
31080,1991,5,0.11705083562489
31080,1991,6,0.143108141903293
31080,1991,7,0.0682678636785652
31080,1991,8,0.102287877820774
31080,1991,9,0
31080,1993,0,1.38258352221439
31080,1993,1,0.416052966081063
31080,1993,2,0.390853376384659
31080,1993,3,0.173378542203364
31080,1993,4,0.363562382953138
31080,1993,5,0.120463560508353
31080,1993,6,0.22929071031902
31080,1993,7,0.12982697117553
31080,1993,8,0.0608919175476516
31080,1993,9,0.0989858541408044
31080,1995,0,1.55129743769398
31080,1995,1,0.633327006466374
31080,1995,2,0.32814455927434
31080,1995,3,0.235149026255427
31080,1995,4,0.185575115037061
31080,1995,5,0.245175590978767
31080,1995,6,0.144275823543592
31080,1995,7,0.162866452940937
31080,1995,8,0.100425028987232
31080,1995,9,0.033006500045775
31080,1997,0,1.14618636617217
31080,1997,1,0.817305917511459
31080,1997,2,0.664587952083474
31080,1997,3,0.107037515587491
31080,1997,4,0.159763932115588
31080,1997,5,0.194770468873611
31080,1997,6,0.117041294724452
31080,1997,7,0.0689371581488419
31080,1997,8,0.156978683056642
31080,1997,9,0.0246095992211841
31080,1999,0,2.40529140521722
31080,1999,1,0.677050792504448
31080,1999,2,0.516331273232299
31080,1999,3,0.280019381669997
31080,1999,4,0.175189249022327
31080,1999,5,0.119223129573785
31080,1999,6,0.0682713733618356
31080,1999,7,0.140064449985351
31080,1999,8,0.0456705084058188
31080,1999,9,0.021952795125002
31080,2001,0,1.9110355604878
31080,2001,1,1.2480720093587
31080,2001,2,0.619379775209909
31080,2001,3,0.212823552165456
31080,2001,4,0.169706424126707
31080,2001,5,0.201038644748244
31080,2001,6,0.09464760335631
31080,2001,7,0.0687409426203193
31080,2001,8,0.0212039298271558
31080,2001,9,0.0337055719229158
31080,2003,0,1.36124119561595
31080,2003,1,0.680364454600751
31080,2003,2,0.274946500325301
31080,2003,3,0.195603388746589
31080,2003,4,0.105706114200577
31080,2003,5,0.0876434744724119
31080,2003,6,0.116537265666966
31080,2003,7,0.09478584539237
31080,2003,8,0.0226191682638295
31080,2003,9,0.0330554526121276
31080,2005,0,1.78177365157163
31080,2005,1,0.667269260786755
31080,2005,2,0.276587945681633
31080,2005,3,0.240819954385598
31080,2005,4,0.0862030877742114
31080,2005,5,0.0496818465358223
31080,2005,6,0.0175312224146994
31080,2005,7,0.0883966107114098
31080,2005,8,0.0150158428085749
31080,2005,9,0.0171377025534428
31080,2007,0,1.59115237272956
31080,2007,1,1.09926341494627
31080,2007,2,0.244822312240647
31080,2007,3,0.269274749612624
31080,2007,4,0.0624647000549971
31080,2007,5,0.0812888187542428
31080,2007,6,0.0677940218714822
31080,2007,7,0.0239739806552985
31080,2007,8,0.0708299179797345
31080,2007,9,0
31080,2009,0,1.40292705644958
31080,2009,1,1.2471913563704
31080,2009,2,0.232695602730849
31080,2009,3,0.214315085194598
31080,2009,4,0.0378962168337633
31080,2009,5,0.0345685312602955
31080,2009,6,0.187491946060141
31080,2009,7,0.0572562481965168
31080,2009,8,0
31080,2009,9,0.0470474788552811
31080,2011,0,1.54386617502387
31080,2011,1,0.709342679705539
31080,2011,2,0.335491353501988
31080,2011,3,0.149570503188398
31080,2011,4,0.134529433847387
31080,2011,5,0.185510396887805
31080,2011,6,0.138039100168008
31080,2011,7,0.0804984171202039
31080,2011,8,0.0879670601451245
31080,2011,9,0.0425989622571373
31080,2013,0,1.97156778898769
31080,2013,1,0.643708928899044
31080,2013,2,0.279398048622032
31080,2013,3,0.0609706943616764
31080,2013,4,0.201476216084792
31080,2013,5,0.0995196885132463
31080,2013,6,0.158706196851984
31080,2013,7,0.140017260823687
31080,2013,8,0.0924293810722387
31080,2013,9,0.0859939202510964
31080,2015,0,2.57013211915231
31080,2015,1,0.665728409680524
31080,2015,2,0.312816132204371
31080,2015,3,0.249994268155702
31080,2015,4,0.202496692482676
31080,2015,5,0.165728736545653
31080,2015,6,0.169617846120542
31080,2015,7,0.117254148099663
31080,2015,8,0.156739428888739
31080,2015,9,0.0472573163862892
31080,2015,NA,1.25773462689595
31080,2017,0,2.63611714436524
31080,2017,1,0.446962658815331
31080,2017,2,0.31159156495665
31080,2017,3,0.381316780464965
31080,2017,4,0.244593497085639
31080,2017,5,0.264722972315994
31080,2017,6,0.149404105048701
31080,2017,7,0.10304063487424
31080,2017,8,0.111023596768906
31080,2017,9,0.0656813461661131
31080,2017,NA,1.48609195487948
31080,2019,0,1.00075484134746
31080,2019,1,0.557170591593274
31080,2019,2,0.235865129001311
31080,2019,3,0.310362655257385
31080,2019,4,0.259983745116028
31080,2019,5,0.193746819639855
31080,2019,6,0.217564131744936
31080,2019,7,0.146345323820289
31080,2019,8,0.132701080143047
31080,2019,9,0.0937146868175629
31080,2019,NA,0.876672919789656
33100,1985,0,1.21314229311012
33100,1985,1,0.129941668641426
33100,1985,2,0.498438700253063
33100,1985,3,0.123722049321357
33100,1985,4,0.306272645255991
33100,1985,5,0.111576384880094
33100,1985,6,0.162747166025485
33100,1985,7,0
33100,1985,8,0
33100,1985,9,0
33100,1987,0,0.723249877126446
33100,1987,1,0.241869179211383
33100,1987,2,0.195548235889851
33100,1987,3,0.319132697262442
33100,1987,4,0.235042321151166
33100,1987,5,0.0445843513050533
33100,1987,6,0.126209110363292
33100,1987,7,0.0441950520709198
33100,1987,8,0.259458713404762
33100,1987,9,0.0380853291850595
33100,1989,0,0.894142864432695
33100,1989,1,0.48638306603657
33100,1989,2,0.885058786814534
33100,1989,3,0.154134372236448
33100,1989,4,0.204618073667201
33100,1989,5,0.0706351255120846
33100,1989,6,0.0715185686836552
33100,1989,7,0.150658298003793
33100,1989,8,0.114834135826684
33100,1989,9,0.0664357847431257
33100,1991,0,0.752689796153862
33100,1991,1,0.356381847682753
33100,1991,2,0.222334632751906
33100,1991,3,0.41886824077405
33100,1991,4,0.108134545044609
33100,1991,5,0.0691586026620712
33100,1991,6,0.206017560652102
33100,1991,7,0.179957346651221
33100,1991,8,0
33100,1991,9,0.0779439632462373
33100,1993,0,0.394910056740452
33100,1993,1,0.483394861856429
33100,1993,2,0.421192191271117
33100,1993,3,0.249566566814756
33100,1993,4,0.144101030413528
33100,1993,5,0.115400107883097
33100,1993,6,0.0251209207644949
33100,1993,7,0.14926199202945
33100,1993,8,0.0760649561459175
33100,1993,9,0.0899892317920173
33100,1995,0,0.362249965647196
33100,1995,1,0.665180199030941
33100,1995,2,0.199743535055454
33100,1995,3,0.382350259875963
33100,1995,4,0.031800200027547
33100,1995,5,0.182904272451686
33100,1995,6,0.147353887796426
33100,1995,7,0.151176462075567
33100,1995,8,0.13974902894389
33100,1995,9,0.0822350583833923
33100,1997,0,0.725005715746405
33100,1997,1,0.164636792933632
33100,1997,2,0.337039488857839
33100,1997,3,0.129187528821048
33100,1997,4,0.0820764364114979
33100,1997,5,0.0472660631628948
33100,1997,6,0.108857723520785
33100,1997,7,0.0415806360255897
33100,1997,8,0.0491736827506249
33100,1997,9,0
33100,1999,0,0.875151201277475
33100,1999,1,0.417538760146573
33100,1999,2,0.370259979692602
33100,1999,3,0.240914460788598
33100,1999,4,0
33100,1999,5,0.0641689914030975
33100,1999,6,0.112720829973292
33100,1999,7,0
33100,1999,8,0.11433551720163
33100,1999,9,0
33100,2001,0,0.863857569154225
33100,2001,1,0.350394552858987
33100,2001,2,0.331578718395232
33100,2001,3,0.130436786453196
33100,2001,4,0.0711888587911383
33100,2001,5,0.0724644156576811
33100,2001,6,0.0784111597431786
33100,2001,7,0.0979474310456825
33100,2001,8,0.0524653989889345
33100,2001,9,0
33100,2003,0,1.22135892158835
33100,2003,1,0.999024880420083
33100,2003,2,0.582011896412382
33100,2003,3,0.195864264965556
33100,2003,4,0.0830366210359166
33100,2003,5,0.0366692627976455
33100,2003,6,0.216928692642317
33100,2003,7,0.0726502255143336
33100,2003,8,0.140709173958666
33100,2003,9,0.0373994962932608
33100,2005,0,0.883185923054711
33100,2005,1,0.80643728710302
33100,2005,2,0.101010197335247
33100,2005,3,0.127112465128523
33100,2005,4,0.170615017387498
33100,2005,5,0.0484155664760568
33100,2005,6,0.0686510355100316
33100,2005,7,0
33100,2005,8,0.0341325688930808
33100,2005,9,0.0379534117996577
33100,2007,0,0.969279582293166
33100,2007,1,0.622473652352754
33100,2007,2,0.218047502689418
33100,2007,3,0.15350946404798
33100,2007,4,0.0374784312721934
33100,2007,5,0.146262171493052
33100,2007,6,0.112448999196956
33100,2007,7,0.120786570594622
33100,2007,8,0.0398530118749146
33100,2007,9,0.142521257964448
33100,2009,0,0.596429348098654
33100,2009,1,0.616604041717773
33100,2009,2,0
33100,2009,3,0.167706039382514
33100,2009,4,0.27906482182619
33100,2009,5,0.260576091780644
33100,2009,6,0.118485614263334
33100,2009,7,0.114997960873902
33100,2009,8,0
33100,2009,9,0.0944840800348785
33100,2011,0,0.603705988886309
33100,2011,1,0.780381379308357
33100,2011,2,0.45341306289292
33100,2011,3,0.420676195146878
33100,2011,4,0.105314127729733
33100,2011,5,0.310265427786256
33100,2011,6,0.108632412285649
33100,2011,7,0.0649393259305342
33100,2011,8,0.0644614742670798
33100,2011,9,0.02988886734498
33100,2013,0,1.37503824389901
33100,2013,1,0.585394573905403
33100,2013,2,0.440584495503094
33100,2013,3,0.112829628101626
33100,2013,4,0.309931893446674
33100,2013,5,0.307382979119593
33100,2013,6,0.102719799978687
33100,2013,7,0.139127850037674
33100,2013,8,0.178224966361016
33100,2013,9,0
33100,2015,0,1.42654714036497
33100,2015,1,0.420684635903116
33100,2015,2,0.296645314382633
33100,2015,3,0.221715311063393
33100,2015,4,0.168784274197411
33100,2015,5,0.189001623706613
33100,2015,6,0.123489001840623
33100,2015,7,0.152761082747659
33100,2015,8,0.165263615223521
33100,2015,9,0.0987537686717456
33100,2015,NA,0.612097264837385
33100,2017,0,1.42098479803797
33100,2017,1,0.445171408841115
33100,2017,2,0.261190924730132
33100,2017,3,0.101832929089335
33100,2017,4,0.139699390925125
33100,2017,5,0.178124952978491
33100,2017,6,0.178191213789426
33100,2017,7,0.278500395330915
33100,2017,8,0.157860108474119
33100,2017,9,0.130480350647891
33100,2017,NA,0.831114661545671
33100,2019,0,0.9996301351321
33100,2019,1,0.385838320589135
33100,2019,2,0.231523993793027
33100,2019,3,0.160402862918406
33100,2019,4,0.183603409059139
33100,2019,5,0.210530921324227
33100,2019,6,0.193635556445956
33100,2019,7,0.232991976897608
33100,2019,8,0.194863649704901
33100,2019,9,0.13934743732018
33100,2019,NA,0.86925281770582
35620,1985,0,0.225201095839768
35620,1985,1,0.0706535955204889
35620,1985,2,0.0634044060023413
35620,1985,3,0.0363198021802321
35620,1985,4,0
35620,1985,5,0.037439972272398
35620,1985,6,0.0260906859646809
35620,1985,7,0.043210709054236
35620,1985,8,0.0251966183308762
35620,1985,9,0.00977372427091792
35620,1987,0,0.247058409254342
35620,1987,1,0.115583393699878
35620,1987,2,0.0341689467223616
35620,1987,3,0.0648165266008157
35620,1987,4,0.0245627178381248
35620,1987,5,0.0222208759252732
35620,1987,6,0.0237268526196658
35620,1987,7,0.0193144670516308
35620,1987,8,0.039766969803788
35620,1987,9,0.0234215095999497
35620,1989,0,0.17960668374053
35620,1989,1,0.0874035286393353
35620,1989,2,0.0660362036959807
35620,1989,3,0.0803964586884325
35620,1989,4,0.039071823064691
35620,1989,5,0.0603250087465917
35620,1989,6,0.0119717445547408
35620,1989,7,0.10075902445766
35620,1989,8,0.0315609383792778
35620,1989,9,0.0484628713831101
35620,1991,0,0.190763218049971
35620,1991,1,0.0657053363882078
35620,1991,2,0.0651528656963314
35620,1991,3,0.082614159825154
35620,1991,4,0.0492569426073611
35620,1991,5,0.0513030383027534
35620,1991,6,0.0214528059331187
35620,1991,7,0.0642011674852002
35620,1991,8,0.0229629297057237
35620,1991,9,0
35620,1993,0,0.153650021429151
35620,1993,1,0.143260802868801
35620,1993,2,0.0703182723424376
35620,1993,3,0.0739359181430038
35620,1993,4,0.063384767928233
35620,1993,5,0.0574562355509824
35620,1993,6,0.0400321509510866
35620,1993,7,0.0748046494946504
35620,1993,8,0.0356673699506148
35620,1993,9,0.00999151982701114
35620,1995,0,0.247469388836959
35620,1995,1,0.22886699208421
35620,1995,2,0.0858807873404412
35620,1995,3,0.0291330399202927
35620,1995,4,0.127087228586896
35620,1995,5,0.0465320108197378
35620,1995,6,0
35620,1995,7,0.0210734184288358
35620,1995,8,0.0360917927773878
35620,1995,9,0.0252817237402852
35620,1997,0,0.272984266921252
35620,1997,1,0.0997320315200845
35620,1997,2,0.031546011055869
35620,1997,3,0.0487352301396216
35620,1997,4,0.0933603348931391
35620,1997,5,0.0430873414294232
35620,1997,6,0.0541237675735478
35620,1997,7,0.0385811237867893
35620,1997,8,0.0133353934119834
35620,1997,9,0
35620,1999,0,0.613852135538357
35620,1999,1,0.101869061361404
35620,1999,2,0.0644262841063204
35620,1999,3,0.0450177565138873
35620,1999,4,0.0414137594754993
35620,1999,5,0.0604215871138026
35620,1999,6,0.0349764374732013
35620,1999,7,0.0327536176338233
35620,1999,8,0.0276177188005595
35620,1999,9,0
35620,2001,0,0.929185342424897
35620,2001,1,0.156807992550713
35620,2001,2,0.0863295188573111
35620,2001,3,0.00994689208434354
35620,2001,4,0.0251263641465561
35620,2001,5,0.0233741842565235
35620,2001,6,0.0787129461609543
35620,2001,7,0.068053639507563
35620,2001,8,0.0292217609544047
35620,2001,9,0.0151484417044501
35620,2003,0,0.632209629447425
35620,2003,1,0.155856459817536
35620,2003,2,0.102313456767517
35620,2003,3,0.0289081137662002
35620,2003,4,0.0399095346811855
35620,2003,5,0.0234453512940522
35620,2003,6,0.0163236182083521
35620,2003,7,0.0206604904220397
35620,2003,8,0.0120117499339256
35620,2003,9,0
35620,2005,0,0.494960636591289
35620,2005,1,0.165032270652885
35620,2005,2,0.0635176496402912
35620,2005,3,0.0112784187438804
35620,2005,4,0.0588660505584728
35620,2005,5,0.0115774297025887
35620,2005,6,0.0140187304842212
35620,2005,7,0.020033688631201
35620,2005,8,0.011577127970741
35620,2005,9,0.0626916877881423
35620,2007,0,0.738107451608729
35620,2007,1,0.158535227922973
35620,2007,2,0.0315983872430748
35620,2007,3,0.0132990228394577
35620,2007,4,0.0259958364891917
35620,2007,5,0.0137140438875833
35620,2007,6,0.0607628740563796
35620,2007,7,0
35620,2007,8,0.0403457363452944
35620,2007,9,0.0249611265021611
35620,2009,0,0.612310353327197
35620,2009,1,0.141276265168434
35620,2009,2,0.0504328224670888
35620,2009,3,0.107005282277976
35620,2009,4,0.0221490141468608
35620,2009,5,0.0151176551333747
35620,2009,6,0.0305578935518235
35620,2009,7,0.0594005756881022
35620,2009,8,0.060346223928599
35620,2009,9,0.0349431414165198
35620,2011,0,0.626058976541929
35620,2011,1,0.171912471714919
35620,2011,2,0.0640878527222921
35620,2011,3,0.110734199073914
35620,2011,4,0.0582380262157275
35620,2011,5,0.0364083550557818
35620,2011,6,0.0117712205166188
35620,2011,7,0.0515612641373238
35620,2011,8,0.0266514614582248
35620,2011,9,0.0382808400533513
35620,2013,0,0.492877687821662
35620,2013,1,0.16239672746205
35620,2013,2,0.0713202066253508
35620,2013,3,0.0886470412148507
35620,2013,4,0.103291373237512
35620,2013,5,0.0607067467266159
35620,2013,6,0.00575995801846933
35620,2013,7,0.0391781262850809
35620,2013,8,0.0666035585031806
35620,2013,9,0.0366393335785972
35620,2015,0,1.60509170065543
35620,2015,1,0.461989692291681
35620,2015,2,0.087952518255689
35620,2015,3,0.0985716362472497
35620,2015,4,0.0492841473902572
35620,2015,5,0.058585985795661
35620,2015,6,0
35620,2015,7,0.0545496477028313
35620,2015,8,0.0326173107692514
35620,2015,9,0.0155620948004298
35620,2015,NA,0.362906323492136
35620,2017,0,0.978055865508171
35620,2017,1,0.306577780040678
35620,2017,2,0.150829105157384
35620,2017,3,0.039896385289729
35620,2017,4,0.099908525711539
35620,2017,5,0.0804793597834657
35620,2017,6,0.0375684110105072
35620,2017,7,0.0492609578152191
35620,2017,8,0.0946374646075421
35620,2017,9,0.0445777408193533
35620,2017,NA,0.446146584020536
35620,2019,0,1.3308330183683
35620,2019,1,0.31631321443419
35620,2019,2,0.196547423310115
35620,2019,3,0.100621248661461
35620,2019,4,0.0613567055210561
35620,2019,5,0.0820373036028947
35620,2019,6,0.0890754234806181
35620,2019,7,0.0727316647090648
35620,2019,8,0.00933177716744307
35620,2019,9,0.0694056444245955
35620,2019,NA,0.35646253710364
37980,1985,0,0.163288748325704
37980,1985,1,0.037507707956984
37980,1985,2,0.191574862213108
37980,1985,3,0.0368441977001134
37980,1985,4,0.0730733451454643
37980,1985,5,0.0762345824928559
37980,1985,6,0.0414913308261866
37980,1985,7,0
37980,1985,8,0
37980,1985,9,0
37980,1987,0,0.334167451076812
37980,1987,1,0.116327500675768
37980,1987,2,0.0363281932346865
37980,1987,3,0.131268647630006
37980,1987,4,0.0352488617268083
37980,1987,5,0
37980,1987,6,0.0756219324523328
37980,1987,7,0
37980,1987,8,0.0353403777743564
37980,1987,9,0
37980,1989,0,0.215077971612676
37980,1989,1,0.167423120609185
37980,1989,2,0.066023023611484
37980,1989,3,0.0681138345701544
37980,1989,4,0
37980,1989,5,0.0666596377579538
37980,1989,6,0.0668047585391561
37980,1989,7,0.0320629154445482
37980,1989,8,0
37980,1989,9,0
37980,1991,0,0.558480529541612
37980,1991,1,0.224209863431914
37980,1991,2,0
37980,1991,3,0.082475199906508
37980,1991,4,0.0726235905649594
37980,1991,5,0.0360026038251593
37980,1991,6,0.045162296719023
37980,1991,7,0.124029371103905
37980,1991,8,0
37980,1991,9,0
37980,1993,0,0.283308996341699
37980,1993,1,0.176207987380347
37980,1993,2,0.0309278896915994
37980,1993,3,0.0874956448716689
37980,1993,4,0.0695538216134578
37980,1993,5,0.0883793552963805
37980,1993,6,0.0945035210146871
37980,1993,7,0.0335167036530402
37980,1993,8,0.0328745180544946
37980,1993,9,0
37980,1995,0,0.469644653434088
37980,1995,1,0.136051928983928
37980,1995,2,0.112886025270244
37980,1995,3,0.0337791204113002
37980,1995,4,0.0119963630132199
37980,1995,5,0.0384868439888511
37980,1995,6,0.0645004242341993
37980,1995,7,0.0307111513467072
37980,1995,8,0
37980,1995,9,0.0201747782813658
37980,1997,0,0.36339078954612
37980,1997,1,0.0950723282580028
37980,1997,2,0.0295551319532278
37980,1997,3,0.0392667766598188
37980,1997,4,0
37980,1997,5,0.0618830169622041
37980,1997,6,0
37980,1997,7,0
37980,1997,8,0
37980,1997,9,0.0246823725017318
37980,1999,0,0.648386061568556
37980,1999,1,0.289794193765596
37980,1999,2,0.179796395393258
37980,1999,3,0.0954666433081313
37980,1999,4,0.119201790938091
37980,1999,5,0.0492685905614298
37980,1999,6,0.0365785981605131
37980,1999,7,0.0541533664779843
37980,1999,8,0.0106548623435804
37980,1999,9,0
37980,2001,0,0.635515378920389
37980,2001,1,0.179091480287701
37980,2001,2,0.139063624158262
37980,2001,3,0.108223507444348
37980,2001,4,0.119751492758835
37980,2001,5,0.0868877838337838
37980,2001,6,0.0971141028023578
37980,2001,7,0
37980,2001,8,0
37980,2001,9,0.0214474490960923
37980,2003,0,0.349792480702009
37980,2003,1,0.150879845225213
37980,2003,2,0.172206927305117
37980,2003,3,0.130202906717722
37980,2003,4,0.0663098134718518
37980,2003,5,0.034692449520828
37980,2003,6,0.0596809247499332
37980,2003,7,0.0128848369566172
37980,2003,8,0.00886384396907691
37980,2003,9,0
37980,2005,0,0.515982742428391
37980,2005,1,0.132179444238274
37980,2005,2,0.14135407919078
37980,2005,3,0.0287896224915167
37980,2005,4,0.0595598010192843
37980,2005,5,0.0540187731203235
37980,2005,6,0.0643695336301487
37980,2005,7,0
37980,2005,8,0.0174977225918697
37980,2005,9,0
37980,2007,0,0.557418880981067
37980,2007,1,0.190950282732608
37980,2007,2,0.201874693227255
37980,2007,3,0.0331854238898426
37980,2007,4,0.111283633057858
37980,2007,5,0.0477591093878353
37980,2007,6,0.059470386470642
37980,2007,7,0
37980,2007,8,0
37980,2007,9,0
37980,2009,0,0.742247451259835
37980,2009,1,0.201665911521522
37980,2009,2,0.141515288747002
37980,2009,3,0.138881133614629
37980,2009,4,0.0286213610643919
37980,2009,5,0.0524807343866498
37980,2009,6,0.0467116392417929
37980,2009,7,0.0184474057937398
37980,2009,8,0.00776966234955301
37980,2009,9,0.0260698682988575
37980,2011,0,0.561958894744929
37980,2011,1,0.133985814387245
37980,2011,2,0.224950490652956
37980,2011,3,0.144991293112119
37980,2011,4,0.08511274605576
37980,2011,5,0.107203647869537
37980,2011,6,0.0300193196897733
37980,2011,7,0.0449706834314996
37980,2011,8,0
37980,2011,9,0
37980,2013,0,0.748035958389218
37980,2013,1,0.276727016476517
37980,2013,2,0.165617425226501
37980,2013,3,0.13985888711865
37980,2013,4,0.0813270139215352
37980,2013,5,0.0971092580303387
37980,2013,6,0.0358592600432642
37980,2013,7,0.0178144857790228
37980,2013,8,0.0110089030884909
37980,2013,9,0.0238901470669828
37980,2015,0,0.756780455020945
37980,2015,1,0.279181510286743
37980,2015,2,0.0705579940984159
37980,2015,3,0.141366067319485
37980,2015,4,0.0864813331160653
37980,2015,5,0.111772515988987
37980,2015,6,0.098548047659315
37980,2015,7,0.0551224467682821
37980,2015,8,0.0286446725703548
37980,2015,9,0.0153252746640187
37980,2015,NA,0.516132376754657
37980,2017,0,0.612534457987234
37980,2017,1,0.352851020369576
37980,2017,2,0.274573534864425
37980,2017,3,0.144098234255548
37980,2017,4,0.122281919555156
37980,2017,5,0.0960831981578017
37980,2017,6,0.0801893251891406
37980,2017,7,0.0479210053455784
37980,2017,8,0.0316399540039048
37980,2017,9,0.0437078800146664
37980,2017,NA,0.520308492647559
37980,2019,0,0.53609374825951
37980,2019,1,0.35425125403079
37980,2019,2,0.248876967264501
37980,2019,3,0.209123690905127
37980,2019,4,0.0898511770012495
37980,2019,5,0.0710960261296759
37980,2019,6,0.0358970159747116
37980,2019,7,0.03759920758519
37980,2019,8,0.0298778993140219
37980,2019,9,0.028697383246691
37980,2019,NA,0.485481416687961
38060,1985,0,1.2326013486111
38060,1985,1,0.113482999186309
38060,1985,2,0.0545810114714209
38060,1985,3,0.126665309292264
38060,1985,4,0.295015731009225
38060,1985,5,0.379134104442656
38060,1985,6,0.205817927064313
38060,1985,7,0.0816504221647301
38060,1985,8,0.104365770668076
38060,1985,9,0.176213091864892
38060,1987,0,0.455945263690488
38060,1987,1,0.181222604321716
38060,1987,2,0.308336322081332
38060,1987,3,0.0500528063294468
38060,1987,4,0.292350121826389
38060,1987,5,0.0944959766200777
38060,1987,6,0.0601371621156529
38060,1987,7,0.0438744080347989
38060,1987,8,0.0435421961231278
38060,1987,9,0.0355597580346316
38060,1989,0,0.974029881909347
38060,1989,1,0.236279798831169
38060,1989,2,0.117368007958528
38060,1989,3,0.233941562485914
38060,1989,4,0.407240939986828
38060,1989,5,0.0917994276385382
38060,1989,6,0.121641240861112
38060,1989,7,0
38060,1989,8,0
38060,1989,9,0
38060,1991,0,0.827963594520514
38060,1991,1,0.460080763398193
38060,1991,2,0.356363306998739
38060,1991,3,0.180342960056168
38060,1991,4,0.427864809621613
38060,1991,5,0.0998525439324195
38060,1991,6,0.134150274037426
38060,1991,7,0.167963091543896
38060,1991,8,0.0847591827075801
38060,1991,9,0.0424599988283094
38060,1993,0,0.850409008882678
38060,1993,1,0.368508771582423
38060,1993,2,0.514550991218222
38060,1993,3,0.26943267752519
38060,1993,4,0.107976634692402
38060,1993,5,0.213285587576203
38060,1993,6,0.210529498205161
38060,1993,7,0.312795482236241
38060,1993,8,0.0328898251877691
38060,1993,9,0
38060,1995,0,0.413058442634374
38060,1995,1,0.463199891037756
38060,1995,2,0.226766898432249
38060,1995,3,0.0743821208511547
38060,1995,4,0.361176418559722
38060,1995,5,0.28184892849037
38060,1995,6,0.360438041305427
38060,1995,7,0.121584160517375
38060,1995,8,0.0394183978315486
38060,1995,9,0
38060,1997,0,0.467998442956668
38060,1997,1,0.395885727728299
38060,1997,2,0.198564510577108
38060,1997,3,0.248110318168528
38060,1997,4,0.162372502090711
38060,1997,5,0.422777724260263
38060,1997,6,0.101359867040192
38060,1997,7,0.0949779746419393
38060,1997,8,0.0452214463830921
38060,1997,9,0.0407774395701067
38060,1999,0,0.398407920815789
38060,1999,1,0.374314542606989
38060,1999,2,0.446611273696543
38060,1999,3,0.314145654157857
38060,1999,4,0
38060,1999,5,0.241197689058013
38060,1999,6,0.120512021847271
38060,1999,7,0.13531728484465
38060,1999,8,0.103046826182754
38060,1999,9,0.0450675985989834
38060,2001,0,0.950591826734194
38060,2001,1,0.389830689925533
38060,2001,2,0.465243005496635
38060,2001,3,0.2111458191156
38060,2001,4,0.0452056671767518
38060,2001,5,0.0792128587235142
38060,2001,6,0.09120101242195
38060,2001,7,0.221422530053116
38060,2001,8,0.0535170362413473
38060,2001,9,0.0356925620324246
38060,2003,0,0.697671059511985
38060,2003,1,0.134063413196963
38060,2003,2,0.398260693545035
38060,2003,3,0.253937962497501
38060,2003,4,0.145820376923092
38060,2003,5,0.0852763818381278
38060,2003,6,0.0824279321795898
38060,2003,7,0.132931881155205
38060,2003,8,0
38060,2003,9,0
38060,2005,0,0.386591860811575
38060,2005,1,0.365292303148868
38060,2005,2,0.124618598126015
38060,2005,3,0.374800362890882
38060,2005,4,0.230414639730594
38060,2005,5,0.1108293172348
38060,2005,6,0.17331062736322
38060,2005,7,0.0791045912203793
38060,2005,8,0.151273351598654
38060,2005,9,0
38060,2007,0,0.266147554086924
38060,2007,1,0.100426552222539
38060,2007,2,0.143515618438054
38060,2007,3,0.0850221969900069
38060,2007,4,0.151632246004685
38060,2007,5,0.176611721489889
38060,2007,6,0.109116380360103
38060,2007,7,0.218484009920973
38060,2007,8,0.217389277759812
38060,2007,9,0
38060,2009,0,0.317316396329659
38060,2009,1,0.0781575392289756
38060,2009,2,0.338339515237865
38060,2009,3,0.161172255672443
38060,2009,4,0
38060,2009,5,0.192060267199134
38060,2009,6,0.100354076878848
38060,2009,7,0.156720369541365
38060,2009,8,0.201022614894855
38060,2009,9,0.066870468405986
38060,2011,0,0.834126818786835
38060,2011,1,0.312630477217317
38060,2011,2,0.459183531083013
38060,2011,3,0.246082790058477
38060,2011,4,0.17599879596615
38060,2011,5,0.549410908204554
38060,2011,6,0.16145542627412
38060,2011,7,0.154410102552802
38060,2011,8,0.0535149532732571
38060,2011,9,0.115053517142389
38060,2013,0,0.758731589725832
38060,2013,1,0.408369048058698
38060,2013,2,0.452550783487453
38060,2013,3,0.300969532442037
38060,2013,4,0.0592708089212986
38060,2013,5,0.335944109398256
38060,2013,6,0.480187791377465
38060,2013,7,0.185400913030528
38060,2013,8,0.0676742121234924
38060,2013,9,0.127711870068033
38060,2015,0,1.41887965361102
38060,2015,1,0.446547160653661
38060,2015,2,0.253862627883002
38060,2015,3,0.274114662932951
38060,2015,4,0.264819643341697
38060,2015,5,0.315065607776917
38060,2015,6,0.191552880499859
38060,2015,7,0.188970704283654
38060,2015,8,0.131596613453082
38060,2015,9,0.0805154993765754
38060,2015,NA,1.29552487264245
38060,2017,0,0.395330418631061
38060,2017,1,0.259125383354783
38060,2017,2,0.183968389887581
38060,2017,3,0.29730354410408
38060,2017,4,0.179645705802613
38060,2017,5,0.230807288098549
38060,2017,6,0.240740503182514
38060,2017,7,0.185670196298488
38060,2017,8,0.16113837147982
38060,2017,9,0.0776913935454183
38060,2017,NA,0.945939107798977
38060,2019,0,0.451620261447651
38060,2019,1,0.243527960725574
38060,2019,2,0.316371890575896
38060,2019,3,0.22771714602839
38060,2019,4,0.173997843838171
38060,2019,5,0.204132131785747
38060,2019,6,0.199683164978137
38060,2019,7,0.206173199549881
38060,2019,8,0.0867078462486916
38060,2019,9,0.071105506038264
38060,2019,NA,0.405921236685442
40140,1985,0,1.1262359734336
40140,1985,1,0.170090080630696
40140,1985,2,0.222168920772847
40140,1985,3,0.110247678627557
40140,1985,4,0
40140,1985,5,0.526848387105317
40140,1985,6,0.062373785369794
40140,1985,7,0
40140,1985,8,0.0879403936770107
40140,1985,9,0
40140,1987,0,1.55179993510916
40140,1987,1,0.641102203269506
40140,1987,2,0.260553538339432
40140,1987,3,0
40140,1987,4,0.0770111204184235
40140,1987,5,0.452230399297419
40140,1987,6,0
40140,1987,7,0.134825970937642
40140,1987,8,0.0688843770497163
40140,1987,9,0
40140,1989,0,1.96363464462569
40140,1989,1,0.33787201391892
40140,1989,2,0.277920042643527
40140,1989,3,0.099777533687385
40140,1989,4,0.28826894528994
40140,1989,5,0.0771298488135202
40140,1989,6,0.0559340176171159
40140,1989,7,0.251914728458721
40140,1989,8,0.189428404778381
40140,1989,9,0
40140,1991,0,1.16376948989954
40140,1991,1,0.984112895398121
40140,1991,2,0.220533153178325
40140,1991,3,0.0721409630796862
40140,1991,4,0.0761089686663717
40140,1991,5,0.10644382440735
40140,1991,6,0
40140,1991,7,0.219890449202711
40140,1991,8,0.0705351830254186
40140,1991,9,0.0830114280649661
40140,1993,0,0.193152718794091
40140,1993,1,1.22857602378893
40140,1993,2,0.185786816951305
40140,1993,3,0.159689809259142
40140,1993,4,0.150086215667187
40140,1993,5,0.0502616374459351
40140,1993,6,0.0469881349712969
40140,1993,7,0.189900392190568
40140,1993,8,0.0625928902369616
40140,1993,9,0
40140,1995,0,0.400576638526128
40140,1995,1,0.28744439422313
40140,1995,2,0.566323866520526
40140,1995,3,0
40140,1995,4,0.197642927837059
40140,1995,5,0.0801089598818501
40140,1995,6,0
40140,1995,7,0.272659558606799
40140,1995,8,0
40140,1995,9,0.0898369179770459
40140,1997,0,1.93272391493597
40140,1997,1,0.625495025784289
40140,1997,2,0.492671123397079
40140,1997,3,0.200146526008706
40140,1997,4,0.0789315402208621
40140,1997,5,0.0778410319366254
40140,1997,6,0.154894782927707
40140,1997,7,0.0712117097877407
40140,1997,8,0
40140,1997,9,0.12538993887937
40140,1999,0,0.886635397389101
40140,1999,1,1.73281624278994
40140,1999,2,0.343840307050641
40140,1999,3,0.283701827441797
40140,1999,4,0.229341772396016
40140,1999,5,0.124750356539038
40140,1999,6,0.0610815372303562
40140,1999,7,0.0709628164318741
40140,1999,8,0.0593505673343647
40140,1999,9,0.0682195703191626
40140,2001,0,1.09904581407933
40140,2001,1,0.75780179610361
40140,2001,2,0.424033921768561
40140,2001,3,0.263185541911915
40140,2001,4,0.181935540568665
40140,2001,5,0
40140,2001,6,0.145218958704698
40140,2001,7,0.118029115024739
40140,2001,8,0
40140,2001,9,0
40140,2003,0,0.824607097811156
40140,2003,1,0.986547145928351
40140,2003,2,0.0525380993661819
40140,2003,3,0.0562382097676963
40140,2003,4,0.11683792508185
40140,2003,5,0.13262504450585
40140,2003,6,0.122142201771656
40140,2003,7,0.0600776684708077
40140,2003,8,0
40140,2003,9,0
40140,2005,0,1.09059669119811
40140,2005,1,0.381353195881647
40140,2005,2,0.0718544831141729
40140,2005,3,0
40140,2005,4,0.134832255005279
40140,2005,5,0
40140,2005,6,0.0550713942827232
40140,2005,7,0
40140,2005,8,0.0484116058831929
40140,2005,9,0
40140,2007,0,0.889685233131261
40140,2007,1,1.31527664325925
40140,2007,2,0.107170907188367
40140,2007,3,0.198055717001111
40140,2007,4,0.255117352634345
40140,2007,5,0.0675422121399524
40140,2007,6,0.0743451547566119
40140,2007,7,0.204338530163408
40140,2007,8,0
40140,2007,9,0
40140,2009,0,0.225418512195875
40140,2009,1,0.499294552895343
40140,2009,2,0.125751840445536
40140,2009,3,0.341174098730221
40140,2009,4,0.126753009691284
40140,2009,5,0.0599789246456356
40140,2009,6,0.113411739423753
40140,2009,7,0.0288545482032556
40140,2009,8,0.264149769390588
40140,2009,9,0.0663952451894388
40140,2011,0,0.911503906788229
40140,2011,1,0.624090015233976
40140,2011,2,1.11924122604853
40140,2011,3,0.114351406653797
40140,2011,4,0.437836440216421
40140,2011,5,0.139644037686083
40140,2011,6,0.336224034742434
40140,2011,7,0.119421317908649
40140,2011,8,0.0893664817138613
40140,2011,9,0
40140,2013,0,0.832482044201576
40140,2013,1,0.79821371610579
40140,2013,2,0.697810987418803
40140,2013,3,1.20331403280187
40140,2013,4,0.178645369928573
40140,2013,5,0.269834851279528
40140,2013,6,0.275735441552735
40140,2013,7,0.165964648826749
40140,2013,8,0.166879107107713
40140,2013,9,0.0544908524668205
40140,2015,0,1.81077901331941
40140,2015,1,0.623966710806313
40140,2015,2,0.319088349275786
40140,2015,3,0.459461260893347
40140,2015,4,0.315096479974071
40140,2015,5,0.312705774204302
40140,2015,6,0.183928376679709
40140,2015,7,0.227701939857068
40140,2015,8,0.167840190843074
40140,2015,9,0.183122980644918
40140,2015,NA,1.14875357373608
40140,2017,0,1.16268207667533
40140,2017,1,0.429842196623329
40140,2017,2,0.349014199479537
40140,2017,3,0.274365310708381
40140,2017,4,0.317676986188891
40140,2017,5,0.335573152922507
40140,2017,6,0.214186089364066
40140,2017,7,0.197330130211707
40140,2017,8,0.125905969707774
40140,2017,9,0.161329013545108
40140,2017,NA,0.908234212887715
40140,2019,0,0.631970460623375
40140,2019,1,0.311535786714811
40140,2019,2,0.303761217419008
40140,2019,3,0.292548375963838
40140,2019,4,0.232420225475308
40140,2019,5,0.21622124755419
40140,2019,6,0.170518713121914
40140,2019,7,0.151058415905143
40140,2019,8,0.138989696718042
40140,2019,9,0.169199062547102
40140,2019,NA,1.07457107670828
41860,1985,0,0.777474383193085
41860,1985,1,0.278577722639882
41860,1985,2,0.173501415557391
41860,1985,3,0.0919900383456201
41860,1985,4,0.0357789146004062
41860,1985,5,0.12833162226938
41860,1985,6,0.0718114508035718
41860,1985,7,0.123452890731341
41860,1985,8,0.0874893486494704
41860,1985,9,0
41860,1987,0,1.25916172053633
41860,1987,1,0.22508223297677
41860,1987,2,0.230599902005536
41860,1987,3,0.096354457644377
41860,1987,4,0.253357694683075
41860,1987,5,0.136019887828611
41860,1987,6,0.14226888174504
41860,1987,7,0.148982777117229
41860,1987,8,0.205161707365714
41860,1987,9,0
41860,1989,0,0.992373908775014
41860,1989,1,0.111267754282051
41860,1989,2,0.144342070919988
41860,1989,3,0.341422633023
41860,1989,4,0.238732006717585
41860,1989,5,0.198380753037336
41860,1989,6,0.145143177989893
41860,1989,7,0.234945434490816
41860,1989,8,0.171616323809651
41860,1989,9,0
41860,1991,0,0.59768124929799
41860,1991,1,0.324297066388994
41860,1991,2,0.331120088946537
41860,1991,3,0.157317518718169
41860,1991,4,0.143971444489087
41860,1991,5,0.123243781206891
41860,1991,6,0.333698212628043
41860,1991,7,0.17478052104239
41860,1991,8,0.0690761930928406
41860,1991,9,0.0306699318610947
41860,1993,0,0.574472640330136
41860,1993,1,0.221393689059018
41860,1993,2,0.423780958539004
41860,1993,3,0.304738546396833
41860,1993,4,0.184171658115215
41860,1993,5,0.0628459154900142
41860,1993,6,0.247691834850894
41860,1993,7,0.0630062513005638
41860,1993,8,0.111262030206414
41860,1993,9,0.0387380100850144
41860,1995,0,0.338661703933907
41860,1995,1,0.32782504674803
41860,1995,2,0.431637469685023
41860,1995,3,0.518060189612186
41860,1995,4,0.186371777258653
41860,1995,5,0.177063910189563
41860,1995,6,0.0726758161881096
41860,1995,7,0.180413133466657
41860,1995,8,0.066851222968376
41860,1995,9,0
41860,1997,0,0.921803279702082
41860,1997,1,0.160568779158077
41860,1997,2,0.696418193430785
41860,1997,3,0.0325745828969687
41860,1997,4,0.096374364764861
41860,1997,5,0.0361305836760003
41860,1997,6,0.0883777484843641
41860,1997,7,0.107336761249836
41860,1997,8,0.0410206578587011
41860,1997,9,0
41860,1999,0,1.12606915617499
41860,1999,1,0.378940001140242
41860,1999,2,0.131957147023114
41860,1999,3,0.364203593731237
41860,1999,4,0.110745556294813
41860,1999,5,0.0659407570566002
41860,1999,6,0.154477523131412
41860,1999,7,0.075469436745082
41860,1999,8,0.0748823852723561
41860,1999,9,0
41860,2001,0,0.761899532895064
41860,2001,1,0.29440086751089
41860,2001,2,0.2460462617134
41860,2001,3,0.0648337484867074
41860,2001,4,0.0684642363052634
41860,2001,5,0.105083371754663
41860,2001,6,0.0749803981979236
41860,2001,7,0
41860,2001,8,0
41860,2001,9,0
41860,2003,0,0.963792104977227
41860,2003,1,0.64700597723425
41860,2003,2,0.437307905432606
41860,2003,3,0.0601766617454883
41860,2003,4,0.0829395415681971
41860,2003,5,0.152819120123847
41860,2003,6,0
41860,2003,7,0.0613143010886418
41860,2003,8,0
41860,2003,9,0
41860,2005,0,0.694933304371866
41860,2005,1,0.312226471675665
41860,2005,2,0.147538352470205
41860,2005,3,0.343333899030363
41860,2005,4,0.124363122449153
41860,2005,5,0.0839862261438921
41860,2005,6,0.124462336675176
41860,2005,7,0.0788907578790031
41860,2005,8,0
41860,2005,9,0.0403896529499795
41860,2007,0,0.672163853873687
41860,2007,1,0.270241882411891
41860,2007,2,0.244434993609243
41860,2007,3,0.157972294987244
41860,2007,4,0.0426456989548163
41860,2007,5,0.0415085515039007
41860,2007,6,0.300444208431187
41860,2007,7,0.086849891775383
41860,2007,8,0.0968467526234951
41860,2007,9,0.0366467401535593
41860,2009,0,0.234397862760948
41860,2009,1,0.276125242237187
41860,2009,2,0.177993745714461
41860,2009,3,0.155617973243717
41860,2009,4,0.0965536320320265
41860,2009,5,0.170309149979382
41860,2009,6,0.189065246963781
41860,2009,7,0.0238653739887053
41860,2009,8,0.210444278234446
41860,2009,9,0.0811526380638089
41860,2011,0,0.485105927776459
41860,2011,1,0.379354393807455
41860,2011,2,0.213099658578343
41860,2011,3,0.122719304452407
41860,2011,4,0.274661643149743
41860,2011,5,0.153164605346703
41860,2011,6,0.123895181600822
41860,2011,7,0.0397073906150786
41860,2011,8,0.0856696934561421
41860,2011,9,0.150992824229816
41860,2013,0,0.554691027917571
41860,2013,1,0.229809945290628
41860,2013,2,0.717753383458393
41860,2013,3,0.257233769483937
41860,2013,4,0.196157513022901
41860,2013,5,0.16956227487099
41860,2013,6,0.0864039070242811
41860,2013,7,0.0565333733045389
41860,2013,8,0.0522863628056745
41860,2013,9,0.0296672284172394
41860,2015,0,0.818777587359534
41860,2015,1,0.5229941771355
41860,2015,2,0.223498733806041
41860,2015,3,0.285049792327554
41860,2015,4,0.272228758501387
41860,2015,5,0.271286839416868
41860,2015,6,0.114577721220059
41860,2015,7,0.12623456225199
41860,2015,8,0.105803687181874
41860,2015,9,0.0697667941321716
41860,2015,NA,0.694159106249926
41860,2017,0,0.795598830221107
41860,2017,1,0.419842315273441
41860,2017,2,0.211477293380651
41860,2017,3,0.208648395595527
41860,2017,4,0.199595592478068
41860,2017,5,0.253213517319784
41860,2017,6,0.18636217557345
41860,2017,7,0.121665782728417
41860,2017,8,0.1449214521761
41860,2017,9,0.0809234580919299
41860,2017,NA,1.01836227879682
41860,2019,0,0.704601670444089
41860,2019,1,0.371517857042391
41860,2019,2,0.224005292484447
41860,2019,3,0.213798529170879
41860,2019,4,0.237374396795563
41860,2019,5,0.171074758856852
41860,2019,6,0.215849463814355
41860,2019,7,0.129177339028479
41860,2019,8,0.0564223984717298
41860,2019,9,0.0985759562841557
41860,2019,NA,0.794880124507204
42660,1985,0,1.72592528042102
42660,1985,1,0.558197527674185
42660,1985,2,0.416050975079693
42660,1985,3,0.254882544053015
42660,1985,4,0.611222211160662
42660,1985,5,0.130051086959842
42660,1985,6,0.363639819580324
42660,1985,7,0.120168108455172
42660,1985,8,0.0630129777456445
42660,1985,9,0.0904046480414503
42660,1987,0,0.999776163896864
42660,1987,1,1.20001403059848
42660,1987,2,0.159143465624665
42660,1987,3,0.224973816389779
42660,1987,4,0.144568264725855
42660,1987,5,0.326431009836558
42660,1987,6,0.110487552720483
42660,1987,7,0.154503076943021
42660,1987,8,0.0473086283971542
42660,1987,9,0.0451049616493861
42660,1989,0,1.01959269035533
42660,1989,1,0.809468828672464
42660,1989,2,0.362196257621468
42660,1989,3,0.194307438800371
42660,1989,4,0.162887700722388
42660,1989,5,0.245868462465881
42660,1989,6,0.14966908881323
42660,1989,7,0.157133291166584
42660,1989,8,0.0337778937909004
42660,1989,9,0.0557541045645407
42660,1991,0,0.780854886101221
42660,1991,1,0.416645262660806
42660,1991,2,0.284808123706822
42660,1991,3,0.451544153022026
42660,1991,4,0.0803599875305869
42660,1991,5,0.0907343056142068
42660,1991,6,0.102353936455054
42660,1991,7,0.0732315468904197
42660,1991,8,0.153432311837468
42660,1991,9,0.101085598059157
42660,1993,0,1.2238355036286
42660,1993,1,0.270406213051295
42660,1993,2,0.112066133592021
42660,1993,3,0.430320183768615
42660,1993,4,0.159589467466322
42660,1993,5,0.0889374225352961
42660,1993,6,0.0387708751828674
42660,1993,7,0.071398917747592
42660,1993,8,0.113066684036292
42660,1993,9,0.139030789933635
42660,1995,0,2.17228642593663
42660,1995,1,0.622322395559465
42660,1995,2,0.384927196047666
42660,1995,3,0.481153377039801
42660,1995,4,0.10950859310658
42660,1995,5,0.141519198376822
42660,1995,6,0.113582595148814
42660,1995,7,0.290870650478795
42660,1995,8,0
42660,1995,9,0
42660,1997,0,0.966434468234916
42660,1997,1,0.952520141007967
42660,1997,2,0.115687245512136
42660,1997,3,0.167199116152032
42660,1997,4,0.183940733573665
42660,1997,5,0.188311325444134
42660,1997,6,0.0500073397436778
42660,1997,7,0.0532567015001399
42660,1997,8,0
42660,1997,9,0
42660,1999,0,2.51215313625432
42660,1999,1,0.541975811557268
42660,1999,2,0.42205888954623
42660,1999,3,0.103857445879495
42660,1999,4,0.160197799772107
42660,1999,5,0.111768784936116
42660,1999,6,0.0439207844729709
42660,1999,7,0.0955511262322508
42660,1999,8,0.0459939152661761
42660,1999,9,0
42660,2001,0,1.29243925124462
42660,2001,1,0.53018482758979
42660,2001,2,0.159467988676657
42660,2001,3,0.273468599576272
42660,2001,4,0.230504029061564
42660,2001,5,0.110142428410507
42660,2001,6,0.193547884347495
42660,2001,7,0.0560050710814596
42660,2001,8,0.0375881332790248
42660,2001,9,0
42660,2003,0,1.16491583796024
42660,2003,1,0.54091940498661
42660,2003,2,0.24606439187474
42660,2003,3,0.151118717616279
42660,2003,4,0
42660,2003,5,0.146300885665836
42660,2003,6,0.147902551324874
42660,2003,7,0.0362255301016423
42660,2003,8,0
42660,2003,9,0
42660,2005,0,1.26352959274407
42660,2005,1,0.536658264866908
42660,2005,2,0.268159710556601
42660,2005,3,0.281125885408121
42660,2005,4,0.162802417653678
42660,2005,5,0.0536665685872362
42660,2005,6,0.0894876259177989
42660,2005,7,0.190352378930221
42660,2005,8,0
42660,2005,9,0.0439182684844857
42660,2007,0,0.781311305058703
42660,2007,1,0.539799611256092
42660,2007,2,0.483168162350056
42660,2007,3,0.175907310230741
42660,2007,4,0.278290818006723
42660,2007,5,0.23568375316782
42660,2007,6,0.0456586644769088
42660,2007,7,0.0949188615842233
42660,2007,8,0
42660,2007,9,0.278985653789352
42660,2009,0,1.15171149118862
42660,2009,1,0.110491740965742
42660,2009,2,0.45970299489857
42660,2009,3,0.445950404778168
42660,2009,4,0.192737852372244
42660,2009,5,0.251330301543927
42660,2009,6,0.126065894233035
42660,2009,7,0.24996496012729
42660,2009,8,0.210103354323561
42660,2009,9,0
42660,2011,0,0.574335209906286
42660,2011,1,0.796073805844441
42660,2011,2,0.277710191934071
42660,2011,3,0.243635958733493
42660,2011,4,0.0813488395294801
42660,2011,5,0.143342376215016
42660,2011,6,0.130413535459928
42660,2011,7,0.331998168798994
42660,2011,8,0.081569479455525
42660,2011,9,0.070728007190467
42660,2013,0,1.09819803896242
42660,2013,1,0.321220612016573
42660,2013,2,0.272757264149553
42660,2013,3,0.601442632897211
42660,2013,4,0.037960270373146
42660,2013,5,0.266571469663275
42660,2013,6,0.29988985194105
42660,2013,7,0.182456511035978
42660,2013,8,0.258636034954428
42660,2013,9,0.0297866997316736
42660,2015,0,1.08510151591272
42660,2015,1,0.455785765254262
42660,2015,2,0.372590097274403
42660,2015,3,0.221963293696137
42660,2015,4,0.245050503504163
42660,2015,5,0.142947931373595
42660,2015,6,0.15591773194655
42660,2015,7,0.0814204431281741
42660,2015,8,0.0974100157851569
42660,2015,9,0.0658129594950495
42660,2015,NA,0.952047847886768
42660,2017,0,0.831281726638262
42660,2017,1,0.403913921725903
42660,2017,2,0.268311664179462
42660,2017,3,0.289999807201228
42660,2017,4,0.164148282135678
42660,2017,5,0.116754153611889
42660,2017,6,0.129009898866254
42660,2017,7,0.14108164610267
42660,2017,8,0.0378998821531181
42660,2017,9,0.0580899182313575
42660,2017,NA,2.03789837051188
42660,2019,0,0.531558006469719
42660,2019,1,0.249227846221794
42660,2019,2,0.190334578274909
42660,2019,3,0.183896492153957
42660,2019,4,0.217803752554973
42660,2019,5,0.105130741410265
42660,2019,6,0.140352118973749
42660,2019,7,0.0615383585749032
42660,2019,8,0.0444718754226921
42660,2019,9,0.0481971619866558
42660,2019,NA,0.564915292835359
47900,1985,0,0.3379803763335
47900,1985,1,0.0842055639671364
47900,1985,2,0.127196635336784
47900,1985,3,0.0942056607948956
47900,1985,4,0.0960268811721091
47900,1985,5,0.13324371121211
47900,1985,6,0.0434795414242795
47900,1985,7,0.0525587925374845
47900,1985,8,0.0539456959353144
47900,1985,9,0
47900,1987,0,0.278118351165603
47900,1987,1,0.353122927824215
47900,1987,2,0.1455216663443
47900,1987,3,0.146050821947559
47900,1987,4,0.147468680047909
47900,1987,5,0.0423321164649448
47900,1987,6,0.210961965919382
47900,1987,7,0.0890305647252106
47900,1987,8,0.0479399785510741
47900,1987,9,0
47900,1989,0,0.238389213405295
47900,1989,1,0.143015357740547
47900,1989,2,0.264355681223549
47900,1989,3,0.104235616783529
47900,1989,4,0.0462417527438738
47900,1989,5,0.0901397252815997
47900,1989,6,0.0511350285462538
47900,1989,7,0
47900,1989,8,0.0595966334814362
47900,1989,9,0
47900,1991,0,0.495016376897953
47900,1991,1,0.151519140876292
47900,1991,2,0.227641016918215
47900,1991,3,0.0500409217942085
47900,1991,4,0.140271645457804
47900,1991,5,0.128709079574683
47900,1991,6,0.0394148371190357
47900,1991,7,0.0357713607920574
47900,1991,8,0.1471940987666
47900,1991,9,0
47900,1993,0,0.377272186009909
47900,1993,1,0.202134101160013
47900,1993,2,0.38040704327189
47900,1993,3,0.046801504354377
47900,1993,4,0.0879759958324392
47900,1993,5,0.0719399372294816
47900,1993,6,0.0412405007091225
47900,1993,7,0.142869969836766
47900,1993,8,0
47900,1993,9,0.0695724234311441
47900,1995,0,0.428787481713438
47900,1995,1,0.397643156845912
47900,1995,2,0.0991968634175305
47900,1995,3,0.0498388932776821
47900,1995,4,0.0452920078316667
47900,1995,5,0.0640658119434782
47900,1995,6,0.0759466576979153
47900,1995,7,0.0346186330219184
47900,1995,8,0.150928845091867
47900,1995,9,0.101884880769614
47900,1997,0,0.336407877347243
47900,1997,1,0.162571149416725
47900,1997,2,0.0699263448086838
47900,1997,3,0.135524938556235
47900,1997,4,0.144800098206382
47900,1997,5,0.0697231117728349
47900,1997,6,0.0611174273736979
47900,1997,7,0
47900,1997,8,0.221138813889807
47900,1997,9,0
47900,1999,0,0.330735088550982
47900,1999,1,0.330338024563541
47900,1999,2,0.222375219374004
47900,1999,3,0.377907210776596
47900,1999,4,0.047337073523807
47900,1999,5,0.0422420204276095
47900,1999,6,0.146978139734322
47900,1999,7,0.0513136515207107
47900,1999,8,0
47900,1999,9,0.198784330749313
47900,2001,0,0.302543757390228
47900,2001,1,0.0480418329102418
47900,2001,2,0.280098044465782
47900,2001,3,0.225697966035365
47900,2001,4,0.0446462777425025
47900,2001,5,0
47900,2001,6,0.0849886183705026
47900,2001,7,0.0474797607347891
47900,2001,8,0.0475860129749604
47900,2001,9,0.0514739347295249
47900,2003,0,0.317003674683154
47900,2003,1,0.101950000218108
47900,2003,2,0.0442063726704996
47900,2003,3,0.289510938455956
47900,2003,4,0.04231062039602
47900,2003,5,0.203798658007915
47900,2003,6,0
47900,2003,7,0.0437863376806927
47900,2003,8,0.0398510813478441
47900,2003,9,0.0453635046258131
47900,2005,0,0.263595938848942
47900,2005,1,0.0664023757943776
47900,2005,2,0.180866956296555
47900,2005,3,0.124022969804703
47900,2005,4,0.054675294633214
47900,2005,5,0
47900,2005,6,0.0994273113903442
47900,2005,7,0
47900,2005,8,0
47900,2005,9,0
47900,2007,0,0.561417198351595
47900,2007,1,0.145407108195704
47900,2007,2,0.200823792587667
47900,2007,3,0.165607762904182
47900,2007,4,0.0685985500378174
47900,2007,5,0.200974595103456
47900,2007,6,0.0501863337278949
47900,2007,7,0.0720764240535637
47900,2007,8,0.122177946325122
47900,2007,9,0.0481953552564247
47900,2009,0,0.542843130001302
47900,2009,1,0.171025793666158
47900,2009,2,0.300301286567955
47900,2009,3,0.0580540581811471
47900,2009,4,0.192613609276314
47900,2009,5,0.0347972124918893
47900,2009,6,0.117081959475936
47900,2009,7,0.15634462157911
47900,2009,8,0.106629783480513
47900,2009,9,0.138054430462643
47900,2011,0,0.177895215089572
47900,2011,1,0.346947685410524
47900,2011,2,0.0762061434523703
47900,2011,3,0.123908408132202
47900,2011,4,0.114062403140987
47900,2011,5,0.216597945080049
47900,2011,6,0.110609972969973
47900,2011,7,0.08255622887206
47900,2011,8,0.149869589796046
47900,2011,9,0.145871558859541
47900,2013,0,0.335222693720015
47900,2013,1,0.281707474745255
47900,2013,2,0.215540869804988
47900,2013,3,0.184497405973926
47900,2013,4,0.192268215528351
47900,2013,5,0.108892533432836
47900,2013,6,0.128070058499426
47900,2013,7,0
47900,2013,8,0.13480746270686
47900,2013,9,0.242739916925207
47900,2015,0,0.633072795872904
47900,2015,1,0.246211034627416
47900,2015,2,0.130386562131241
47900,2015,3,0.203304195933023
47900,2015,4,0.171690990764507
47900,2015,5,0.0959766136682327
47900,2015,6,0.101844679562951
47900,2015,7,0.0556068382120304
47900,2015,8,0.04904299698594
47900,2015,9,0.0295325523915053
47900,2015,NA,0.524484663825401
47900,2017,0,0.621945366808871
47900,2017,1,0.291932268701085
47900,2017,2,0.198269179556239
47900,2017,3,0.287553295544096
47900,2017,4,0.149928995041149
47900,2017,5,0.127855349731441
47900,2017,6,0.0472598859359931
47900,2017,7,0.0811399928171119
47900,2017,8,0.0394718615177474
47900,2017,9,0.0299651598023875
47900,2017,NA,0.436692240396938
47900,2019,0,0.488995400815564
47900,2019,1,0.155025716145668
47900,2019,2,0.230018570146303
47900,2019,3,0.217193510588601
47900,2019,4,0.306334656918939
47900,2019,5,0.177023232426843
47900,2019,6,0.0586390114012083
47900,2019,7,0.0769092856010584
47900,2019,8,0.0503034055237164
47900,2019,9,0.0340197549790284
47900,2019,NA,0.41591236881286
