"region","Year","rented","vacant","count","vac_rate","predict_vac_rate"
360,1985,67382.85,5120.44,223,0.0706235537725253,0.0380092470740658
360,1987,59059.26,6528.45,190,0.0995377030239354,0.0276639530662851
360,1989,65232.89,4955.82,225,0.0706070819651765,0.0442014892250069
360,1991,75562.2,3402.48,192,0.0430886315248792,0.0419910111671832
360,1993,76954.47,3107.18,251,0.0388098421653813,0.0402100169227877
360,1995,83292.01,4452.07,187,0.0507392635491762,0.0345620275284201
360,1997,82037.99319335,0,175,0,0.0429926395295658
360,1999,69836.9912153,1228.2498647,174,0.0172834123410252,0.0438598080965312
360,2001,58439.6136885,1490.2880604,179,0.0248671867783824,0.0486842622798355
360,2003,52278.1128123,3911.831472,181,0.0696179987687406,0.0583093760299463
360,2005,44430.0633987,0,178,0,0.0659627880043543
360,2007,54086.7084682,5551.4699688,168,0.0930858405520284,0.083814137153229
360,2009,47901.5995093,9440.5967235,176,0.164636120409004,0.0622936863962968
360,2011,57629.8835217,0,190,0,0.0634933316200234
360,2013,70021.2455248,0,184,0,0.0606255887999052
520,1985,44427.65,3875.98,224,0.080242002516167,0.0877195300544323
520,1987,52435.29,0,183,0,0.0773742360466515
520,1989,67269.67,3165.14,235,0.0449371553639458,0.0939117722053733
520,1991,38692.95,8057.54,185,0.172351990321385,0.0917012941475496
520,1993,62569.4,3277.16,264,0.0497696462806865,0.0899202999031542
520,1995,67428.67,2657.88,207,0.0379228254208546,0.0842723105087865
520,1997,57077.3047502,4207.0843364,138,0.0686485481719502,0.0927029225099322
520,1999,31119.4958981,7665.0870758,171,0.197632319031462,0.0935700910768976
520,2001,24017.0862609,8397.2113316,167,0.259058870784938,0.0983945452602019
520,2003,56765.7014352,10986.3188995,177,0.162154853024703,0.108019659010313
520,2005,75012.5563034,5724.0544564,189,0.0708978789489897,0.115673070984721
520,2007,82248.0945897,15038.823833,169,0.15458217894885,0.133524420133595
520,2009,89706.0339203,3882.9652829,165,0.0414895480874769,0.112003969376663
520,2011,111041.818409,11248.4041592,196,0.0919812223984373,0.11320361460039
520,2013,105695.0041625,14829.9914066,191,0.123044944632233,0.110335871780272
720,1985,22597.95,0,139,0,0.0416911603397109
720,1987,23166,0,123,0,0.0313458663319301
720,1989,26697.05,0,152,0,0.0478834024906519
720,1991,23221.79,0,112,0,0.0456729244328282
720,1993,22719.41,0,171,0,0.0438919301884328
720,1995,18713.67,2850,132,0.132166741561154,0.0382439407940652
720,1997,22558.8117559,0,113,0,0.0466745527952108
720,1999,24372.6208889,1489.0135489,111,0.0575761579370104,0.0475417213621762
720,2001,28451.2287616,1919.5426035,110,0.0632036170706486,0.0523661755454805
720,2003,20323.7923735,0,111,0,0.0619912892955914
720,2005,15099.9930741,3956.6799896,122,0.207627006895388,0.0696447012699993
720,2007,6511.465411,2445.9248015,97,0.273062213822808,0.0874960504188741
720,2009,16916.588251,0,90,0,0.0659755996619418
720,2011,29624.5561443,1930.8947864,120,0.0611905306199079,0.0671752448856685
720,2013,26872.6593643,1546.6019356,119,0.05442090557102,0.0643075020655502
1120,1985,17838.08,1125.59,216,0.0593550720931128,0.087958648441796
1120,1987,13618.16,1918.95,194,0.123507524887189,0.0776133544340152
1120,1989,15357.3,1450.02,260,0.0862731238531783,0.094150890592737
1120,1991,34252.66,0,189,0,0.0919404125349134
1120,1993,21392.95,3223.3,266,0.130941959071751,0.0901594182905179
1120,1995,22089.95,1202.68,198,0.0516334995232398,0.0845114288961503
1120,1997,22825.0196984,0,181,0,0.0929420408972959
1120,1999,10271.6965374,3099.2916122,180,0.231792263782144,0.0938092094642614
1120,2001,29825.5973821,2928.5521686,195,0.0894101116582773,0.0986336636475657
1120,2003,28797.7069639,0,193,0,0.108258777397677
1120,2005,8344.1538993,2545.3586861,178,0.233744041906216,0.115912189372084
1120,2007,5246.0179698,1464.8175228,147,0.218276476068478,0.133763538520959
1120,2009,24258.7008863,1925.4565271,165,0.0735351723066952,0.112243087764027
1120,2011,14144.8413258,3933.9335559,185,0.217599565326856,0.113442732987754
1120,2013,29240.3382629,0,174,0,0.110574990167635
1600,1985,45533.7,0,494,0,0.0551241058028463
1600,1987,38944.4,0,442,0,0.0447788117950655
1600,1989,57050.69,0,521,0,0.0613163479537873
1600,1991,40529.18,3808.74,433,0.085902541210774,0.0591058698959637
1600,1993,54678.16,0,537,0,0.0573248756515682
1600,1995,41868.11,3276.86,981,0.0725852736196303,0.0516768862572006
1600,1997,44777.0046445,7731.8099988,414,0.147247848791166,0.0601074982583462
1600,1999,37967.57263877,3938.28758206,959,0.0939793995710034,0.0609746668253116
1600,2001,30261.2350598,1422.313697,404,0.0448912370239063,0.0657991210086159
1600,2003,39728.33394586,3987.67270418,985,0.0912176799702347,0.0754242347587268
1600,2005,43760.0710626,3480.6140534,406,0.0736783144624875,0.0830776467331347
1600,2007,43910.9087836,9270.7077589,361,0.174321661536771,0.10092899588201
1600,2009,58061.32382269,2740.1331471,488,0.0450668994406083,0.0794085451250773
1600,2011,83059.05508928,6236.8061144,438,0.0698442909932199,0.0806081903488039
1600,2013,36050.66363544,3196.05376257,432,0.0814349320010151,0.0777404475286857
1680,1985,28776.99,1749.23,190,0.05730254188039,0.0734885309211574
1680,1987,32313.78,1827.43,174,0.0535256366133479,0.0631432369133766
1680,1989,25905.54,0,195,0,0.0796807730720984
1680,1991,19356.93,4008.79,178,0.171567150509379,0.0774702950142747
1680,1993,19183.47,1628.94,216,0.0782677258424181,0.0756893007698793
1680,1995,14143.71,0,173,0,0.0700413113755117
1680,1997,25114.8857055,0,170,0,0.0784719233766573
1680,1999,32542.9882859,2836.4332504,183,0.0801718379564166,0.0793390919436227
1680,2001,52363.0861659,5845.4813064,192,0.10042304011659,0.084163546126927
1680,2003,60892.5390698,4683.1923299,195,0.0714165474015807,0.0937886598770379
1680,2005,37540.8778133,5872.4380698,189,0.135268130303911,0.101442071851446
1680,2007,39059.726047,10427.5127007,153,0.210711144217652,0.119293421000321
1680,2009,23764.4365177,4663.0244532,152,0.164032393113593,0.0977729702433883
1680,2011,69020.32607496,7558.1655554,188,0.0986982819129271,0.098972615467115
1680,2013,56778.3312856,5704.9592488,182,0.0913037581729015,0.0961048726469967
1920,1985,72899.64,1788.8,221,0.0239501588197585,0.0524381809576351
1920,1987,91450.98,4051.42,207,0.0424221799661579,0.0420928869498543
1920,1989,84861.97,6626.23,233,0.0724271545401484,0.0586304231085761
1920,1991,77283.3,0,189,0,0.0564199450507525
1920,1993,61865.66,6277.39,267,0.0921207665345182,0.054638950806357
1920,1995,63110.91,5467.65,200,0.079728270759841,0.0489909614119894
1920,1997,72996.2491596,1651.6551986,174,0.0221259419510893,0.057421573413135
1920,1999,66145.8266485,0,182,0,0.0582887419801005
1920,2001,55220.9884709,5357.4025576,180,0.0884375181750788,0.0631131961634047
1920,2003,76671.2037971,7359.3263422,201,0.0875791968704734,0.0727383099135156
1920,2005,60503.062634,10885.296475,204,0.152479992688719,0.0803917218879235
1920,2007,67365.6487594,7806.4057066,201,0.10384717781168,0.0982430710367983
1920,2009,104723.8853733,3465.806933,210,0.0320345391424889,0.0767226202798661
1920,2011,102439.7566989,12175.9991126,232,0.106233205255174,0.0779222655035927
1920,2013,127346.4133303,6314.0721719,226,0.047239632178323,0.0750545226834745
2160,1985,107957.41,9303.36,537,0.0793390662537863,0.0860847138974012
2160,1987,123147.86,3134.8,438,0.0248236772966296,0.0757394198896205
2160,1989,85528.47,6978.91,541,0.0754416566548528,0.0922769560483423
2160,1991,95749.31,4165.73,432,0.0416927221367274,0.0900664779905186
2160,1993,74364.92,8806.97,586,0.105888780452146,0.0882854837461231
2160,1995,119133.74,11019.61,1225,0.0846663570319166,0.0826374943517555
2160,1997,81484.2661447,10280.6681523,512,0.112032643308241,0.0910681063529012
2160,1999,98675.76930636,7947.2989914,1220,0.0745363936555084,0.0919352749198666
2160,2001,85112.40996336,6634.7514141,542,0.0723156042594468,0.0967597291031709
2160,2003,111822.22229491,9208.94326934,1220,0.0760873715989407,0.106384842853282
2160,2005,81684.0389569,9552.1582725,546,0.104697023358859,0.11403825482769
2160,2007,99394.3388613,15936.3583579,489,0.138179675855172,0.131889603976564
2160,2009,120129.44831309,18906.69616881,1525,0.135984036663727,0.110369153219632
2160,2011,150867.4312533,29468.0913294,624,0.163407025456597,0.111568798443359
2160,2013,169903.42286966,23460.51788488,2728,0.121328298302843,0.108701055623241
3360,1985,106067.55,21384.75,284,0.167786301227989,0.0881653027051044
3360,1987,128818.69,18767.69,270,0.127164105522474,0.0778200086973236
3360,1989,124478.14,10602.88,291,0.0784927445765512,0.0943575448560454
3360,1991,103465.13,20027.34,278,0.162174584409883,0.0921470667982218
3360,1993,109446.6,6369.7,342,0.054998303347629,0.0903660725538263
3360,1995,92040.95,2759.14,270,0.0291048246895124,0.0847180831594587
3360,1997,74788.745284,6547.4398022,243,0.0804984865624203,0.0931486951606043
3360,1999,77098.2588459,8325.1450697,273,0.0974574260459746,0.0940158637275697
3360,2001,60561.5903322,11351.874824,255,0.157854649325312,0.098840317910874
3360,2003,56621.2015462,11448.1457685,256,0.168183568964936,0.108465431660985
3360,2005,76974.2837742,7284.7321989,242,0.0864564119906845,0.116118843635393
3360,2007,73866.8746684,7630.5456136,227,0.0936292901934385,0.133970192784268
3360,2009,105708.5358895,7198.021852,211,0.063752026418872,0.112449742027335
3360,2011,98162.5913416,8424.0199385,267,0.0790345038399095,0.113649387251062
3360,2013,112644.4881519,6348.0671455,279,0.0533484395694686,0.110781644430944
3760,1985,42327.61,6994.88,170,0.141819279602469,0.109017632613311
3760,1987,50921.25,4625.52,142,0.0832725287176914,0.0986723386055301
3760,1989,35179.6,5891.87,171,0.143454081385448,0.115209874764252
3760,1991,54429.96,8816.31,139,0.139396520933171,0.112999396706428
3760,1993,52008.19,3682.42,183,0.0661228167549251,0.111218402462033
3760,1995,35996.17,10112.61,130,0.219320702044166,0.105570413067665
3760,1997,43004.1479219,6897.0432077,131,0.138213999537355,0.114001025068811
3760,1999,46773.3402143,3346.5980728,125,0.0667717915698503,0.114868193635776
3760,2001,41217.4273844,2211.5838047,135,0.0509241114210556,0.119692647819081
3760,2003,37451.9535631,4683.1923299,138,0.1111469351926,0.129317761569191
3760,2005,40140.2435861,3480.6140534,139,0.0797924259574438,0.136971173543599
3760,2007,42460.0093665,12355.1435776,126,0.225396499216187,0.154822522692474
3760,2009,59865.588566,12157.3771018,132,0.168798618455603,0.133302071935542
3760,2011,47086.9783937,6056.2847955,157,0.113961477561859,0.134501717159268
3760,2013,56719.8423146,5740.6225886,156,0.0919080989470172,0.13163397433915
4480,1985,318182.46,6828.52,745,0.0210101209503753,0.0294049899849777
4480,1987,318768.09,8770.89,655,0.0267781562976107,0.0190596959771969
4480,1989,320317.74,17312.47,764,0.0512764245829779,0.0355972321359187
4480,1991,304832.51,13589.57,658,0.0426778507319593,0.0333867540780951
4480,1993,276857.07,34666.39,807,0.111280190583399,0.0316057598336996
4480,1995,359755.9,17010.88,1541,0.0451496281068092,0.025957770439332
4480,1997,382028.57105,11950.5081263,616,0.030332849529181,0.0343883824404776
4480,1999,351051.29822167,10096.58228864,1469,0.0279569196816919,0.035255551007443
4480,2001,311102.9943681,4282.1473425,603,0.0135775176955842,0.0400800051907473
4480,2003,286779.76220644,17607.80466867,1493,0.0578466619035543,0.0497051189408582
4480,2005,268371.2700936,6603.8602975,576,0.0240162093499411,0.0573585309152661
4480,2007,267596.7520878,5575.8273909,503,0.0204113729186892,0.0752098800641409
4480,2009,277971.2280904,13070.6745147,529,0.0449099404508599,0.0536894293072086
4480,2011,325629.92780213,9790.68350291,1694,0.0291892721345204,0.0548890745309353
4480,2013,304666.55203488,17389.8586724,622,0.0539963127397759,0.0520213317108171
5000,1985,50226.63,2339.64,180,0.0445083891248133,0.0688180631128637
5000,1987,69363.26,1959.86,143,0.0274786072174072,0.0584727691050829
5000,1989,57488.79,5033.55,183,0.080508023212183,0.0750103052638047
5000,1991,51209.6,5507.41,140,0.0971033205029673,0.072799827205981
5000,1993,40295.67,11356.95,197,0.219871712219051,0.0710188329615856
5000,1995,40568.89,4355.45,145,0.0969507843632205,0.0653708435672179
5000,1997,59902.8231439,3329.6156076,143,0.0526567640493071,0.0738014555683636
5000,1999,51078.0145317,0,136,0,0.074668624135329
5000,2001,47260.9515548,6553.6236233,138,0.121781573144649,0.0794930783186333
5000,2003,67419.1404216,1476.9706253,136,0.0214376486982636,0.0891181920687442
5000,2005,51447.2600111,7201.1409823,131,0.122784949978609,0.0967716040431521
5000,2007,66125.630426,3437.7848453,136,0.0494194373851903,0.114622953192027
5000,2009,58015.7269386,6250.3794597,129,0.0972577896809591,0.0931025024350946
5000,2011,49986.64099073,2112.3143174,137,0.0405442739668597,0.0943021476588212
5000,2013,53663.87907336,5104.7128982,146,0.0868612421524466,0.091434404838703
5120,1985,23038.8,1747.19,249,0.0704910314254141,0.0371334728629281
5120,1987,5856.21,0,207,0,0.0267881788551474
5120,1989,6341.63,0,272,0,0.0433257150138691
5120,1991,9386.22,0,221,0,0.0411152369560455
5120,1993,7820.19,920.6,299,0.105322287802361,0.03933424271165
5120,1995,12822.67,0,205,0,0.0336862533172824
5120,1997,8251.3169868,1851.3313749,199,0.18325208486109,0.0421168653184281
5120,1999,12817.39950336,0,193,0,0.0429840338853935
5120,2001,12393.8815451,0,209,0,0.0478084880686978
5120,2003,14222.2161724,2372.9231525,202,0.142989046734882,0.0574336018188086
5120,2005,21964.6408935,2391.8240164,203,0.0982007867417497,0.0650870137932166
5120,2007,26375.5393627,0,170,0,0.0829383629420913
5120,2009,31849.3124406,0,187,0,0.0614179121851591
5120,2011,32341.961019357,2147.78515396,217,0.0622731504942659,0.0626175574088857
5120,2013,34289.9199695,1641.1001849,203,0.0456736318047189,0.0597498145887675
5380,1985,24868.19,0,363,0,0.0248090798420371
5380,1987,34140.46,0,296,0,0.0144637858342563
5380,1989,39799.46,2245.22,382,0.0534008107565571,0.0310013219929781
5380,1991,45609.47,4189.44,285,0.0841271425418749,0.0287908439351545
5380,1993,41188.93,0,380,0,0.027009849690759
5380,1995,46150.91,0,308,0,0.0213618602963914
5380,1997,48936.0413927,3707.4292623,281,0.0704252439318963,0.029792472297537
5380,1999,53531.57208741,0,292,0,0.0306596408645025
5380,2001,39851.3501413,0,280,0,0.0354840950478067
5380,2003,34540.38585068,1738.97525663,303,0.0479329074039182,0.0451092087979176
5380,2005,48534.145947,2548.7803494,282,0.0498949557942537,0.0527626207723255
5380,2007,37441.2615652,4598.4513736,248,0.109383510308319,0.0706139699212003
5380,2009,42578.9506544,1572.2580985,243,0.0356107599975217,0.0490935191642681
5380,2011,63586.24509591,5657.9282682,275,0.0817098102745576,0.0502931643879947
5380,2013,30313.82461508,1268.2072644,241,0.0401559744236722,0.0474254215678765
5600,1985,11444.16,2402.5,217,0.173507546224144,0.048232700175713
5600,1987,16939.39,0,196,0,0.0378874061679322
5600,1989,35073.23,7855.89,247,0.182996763036372,0.054424942326654
5600,1991,14431.92,0,197,0,0.0522144642688303
5600,1993,19007.11,0,249,0,0.0504334700244349
5600,1995,11351.74,0,192,0,0.0447854806300672
5600,1997,32373.5650217,0,184,0,0.0532160926312129
5600,1999,31470.3824596,1532.9262018,211,0.0464476521892752,0.0540832611981783
5600,2001,64370.057743,2928.1800392,211,0.0435105009536295,0.0589077153814826
5600,2003,55482.40592118,835.58466009,215,0.0148369047166945,0.0685328291315935
5600,2005,44732.8069806,2448.2096772,205,0.0518897185907769,0.0761862411060014
5600,2007,52387.1038115,4048.8486578,189,0.0717423642314266,0.0940375902548762
5600,2009,55115.4478183,10603.6811691,225,0.161348473914391,0.0725171394979439
5600,2011,65481.15836611,6191.2551026,219,0.086382679234081,0.0737167847216705
5600,2013,35077.59605083,1268.2072644,207,0.034892811513911,0.0708490419015523
5640,1985,11133.13,0,169,0,0.103636721744095
5640,1987,8652.87,0,141,0,0.0932914277363138
5640,1989,1829.89,1122.61,201,0.380223539373412,0.109828963895036
5640,1991,5721.52,0,143,0,0.107618485837212
5640,1993,17418.76,0,196,0,0.105837491592816
5640,1995,14017.85,2069.3,149,0.128630615118278,0.100189502198449
5640,1997,15411.1888259,0,143,0,0.108620114199594
5640,1999,16949.447071,0,135,0,0.10948728276656
5640,2001,24550.6887815,2928.1800392,146,0.106561156440115,0.114311736949864
5640,2003,16245.1079424,2094.1678328,141,0.114190323460424,0.123936850699975
5640,2005,10366.8326228,3823.1705241,134,0.269427038494718,0.131590262674383
5640,2007,7034.6109535,4394.4525684,126,0.384498043954301,0.149441611823258
5640,2009,18358.10026652,2676.76439024,170,0.127253701600584,0.127921161066326
5640,2011,25898.5537824,5788.9325362,158,0.182688285148134,0.129120806290052
5640,2013,7403.88282745,0,122,0,0.126253063469934
5720,1985,62235.92,0,155,0,0.0456005901088787
5720,1987,63907.92,0,142,0,0.035255296101098
5720,1989,63710.06,5250.51,163,0.0761378567491539,0.0517928322598198
5720,1991,51322.12,3255.48,140,0.0596486470639969,0.0495823542019961
5720,1993,62486.64,3880.99,168,0.0584771521900059,0.0478013599576006
5720,1995,57532.6,4138.71,144,0.0671091630776126,0.042153370563233
5720,1997,60013.1055536,4866.1941075,141,0.0750038014115255,0.0505839825643787
5720,1999,67443.5792943,5127.0986406,148,0.0706497277757181,0.0514511511313441
5720,2001,51762.1619478,5758.6278105,150,0.100113851612565,0.0562756053146484
5720,2003,56323.2394607,5035.5441663,158,0.0820672097561625,0.0659007190647593
5720,2005,77504.6372941,3481.867325,152,0.0429931794362049,0.0735541310391672
5720,2007,103280.1651097,8464.7370021,149,0.0757505429073721,0.091405480188042
5720,2009,104162.5082982,0,144,0,0.0698850294311097
5720,2011,79608.0589427,7649.4333259,157,0.0876650603521032,0.0710846746548363
5720,2013,83798.3514655,6331.5017389,164,0.0702486636091726,0.0682169318347181
5775,1985,71068.67,6827.76,255,0.0876517704341521,0.0315312548092657
5775,1987,80215.88,5092.43,198,0.0596944189845046,0.0211859608014849
5775,1989,82184.64,2870.2,266,0.0337452871582617,0.0377234969602067
5775,1991,84315.33,1701.24,200,0.0197780497408813,0.0355130189023831
5775,1993,80699.18,1717.31,265,0.0208369708537697,0.0337320246579876
5775,1995,79613.47,1319.77,184,0.0163068968942798,0.02808403526362
5775,1997,68863.5852612,1312.0162956,167,0.018696188796302,0.0365146472647656
5775,1999,84740.937199,2614.0432697,194,0.0299243758704363,0.0373818158317311
5775,2001,71314.2405471,5695.0956878,194,0.0739533148348191,0.0422062700150354
5775,2003,65582.1457578,3405.1342528,192,0.0493588709726894,0.0518313837651462
5775,2005,73514.0588029,0,186,0,0.0594847957395541
5775,2007,79785.3318583,3700.9799792,166,0.0443303806066279,0.0773361448884289
5775,2009,72748.1823478,5238.0719064,178,0.0671666046342763,0.0558156941314967
5775,2011,85812.1949243,8678.6578371,200,0.0918465394636091,0.0570153393552233
5775,2013,97287.15259903,2437.7935896,197,0.0244451732767938,0.0541475965351051
5880,1985,47134.14,11046.29,140,0.189862639378911,0.0742895183325467
5880,1987,33906.61,3985.57,104,0.105181860742771,0.0639442243247659
5880,1989,41414.82,1681.22,128,0.0390110089001217,0.0804817604834877
5880,1991,34775.5,4842.64,95,0.122232896344957,0.078271282425664
5880,1993,48364.73,1546.27,134,0.03098054537076,0.0764902881812686
5880,1995,50067.94,2759.14,103,0.0522296519133747,0.070842298786901
5880,1997,50984.0879006,4801.4057994,96,0.0860690742511077,0.0792729107880466
5880,1999,36092.8989606,5127.0986406,98,0.124383768534007,0.080140079355012
5880,2001,34524.8177683,1885.2170953,98,0.0517774042887473,0.0849645335383163
5880,2003,42565.2670539,6526.0877648,92,0.132937617812782,0.0945896472884272
5880,2005,45930.5949795,9801.0745965,98,0.175861851458344,0.102243059262835
5880,2007,50296.5598826,2767.9791517,92,0.05216250253132,0.12009440841171
5880,2009,47098.9963999,0,102,0,0.0985739576547776
5880,2011,62223.1586104,1684.8039877,116,0.0263629744902882,0.0997736028785043
5880,2013,53621.7254387,6387.0474007,107,0.106435227692349,0.096905860058386
6160,1985,18778.98,0,324,0,0.048341683082688
6160,1987,22764.49,1918.95,260,0.0777424054345748,0.0379963890749073
6160,1989,31678.38,0,335,0,0.0545339252336291
6160,1991,35293.08,3832.54,245,0.0979547416756591,0.0523234471758054
6160,1993,38967.24,1660.91,351,0.0408807686296324,0.0505424529314099
6160,1995,39041.45,1037.1,618,0.0258766846604979,0.0448944635370423
6160,1997,67144.6482402,4025.2132769,337,0.0565578348910074,0.053325075538188
6160,1999,38933.09396073,3422.18612292,736,0.0807971548331475,0.0541922441051534
6160,2001,47385.6393307,2896.6532512,352,0.057607819820107,0.0590166982884577
6160,2003,42154.97018482,2890.55995067,762,0.0641697398604399,0.0686418120385685
6160,2005,44564.59375666,2548.7803494,369,0.0540988710267763,0.0762952240129765
6160,2007,42114.69879185,1464.8175228,310,0.0336125236504191,0.0941465731618512
6160,2009,43097.71729318,2282.22093429,946,0.0502914068073476,0.072626122404919
6160,2011,45276.74137819,2825.16436435,418,0.0587328988475295,0.0738257676286456
6160,2013,56859.15851414,7133.44968623,1609,0.111473026132864,0.0709580248085274
6200,1985,67684.79,3413.88,204,0.0480160880646572,0.0650634485655439
6200,1987,53290.4,7971.8,206,0.130125917776378,0.0547181545577631
6200,1989,61094.09,9062.99,230,0.129181402646746,0.0712556907164849
6200,1991,70430.3,3439.78,220,0.0465652670201521,0.0690452126586612
6200,1993,78140.28,2264.62,248,0.0281651988871325,0.0672642184142658
6200,1995,83553.21,4073.2,239,0.0464837028014728,0.0616162290198982
6200,1997,96075.428867,4068.4342189,239,0.0406258965205909,0.0700468410210438
6200,1999,73351.2579357,2647.1423751,231,0.0348315538784284,0.0709140095880092
6200,2001,66598.4076094,2854.764895,251,0.041103448439582,0.0757384637713135
6200,2003,78445.6763015,5613.85920491,262,0.066784323409471,0.0853635775214244
6200,2005,91916.9602126,5167.0444789,269,0.0532224077006209,0.0930169894958323
6200,2007,71425.7303331,10818.6176992,265,0.131542385076129,0.110868338644707
6200,2009,86025.3036756,12832.62697298,269,0.129808775975672,0.0893478878877748
6200,2011,111069.12701048,18589.0291217,307,0.143369531668717,0.0905475331115015
6200,2013,124171.7459288,11899.4393567,291,0.087450104382739,0.0876797902913832
6280,1985,17529.49,1124.77,207,0.0602956107612953,0.0490315419660426
6280,1987,29753.92,0,210,0,0.0386862479582618
6280,1989,19741.99,3503.25,227,0.15070827403804,0.0552237841169836
6280,1991,35385.4,0,210,0,0.0530133060591599
6280,1993,25863.44,0,257,0,0.0512323118147645
6280,1995,25023.6,0,203,0,0.0455843224203968
6280,1997,22726.168971,2471.6195082,200,0.0980887473613109,0.0540149344215425
6280,1999,15626.5084531,1532.9262018,196,0.0893343069063328,0.0548821029885079
6280,2001,37225.5460613,1463.9039549,202,0.037837290379859,0.0597065571718122
6280,2003,37268.8733685,3342.3386404,200,0.0823008837970047,0.0693316709219231
6280,2005,31930.0073988,3772.885188,189,0.10567449622821,0.076985082896331
6280,2007,31724.3066817,5859.2700912,163,0.155899746493125,0.0948364320452058
6280,2009,33647.2008427,3261.2354139,162,0.088360162192372,0.0733159812882735
6280,2011,53359.75711613,2152.6395066,185,0.0387776359437269,0.0745156265120001
6280,2013,52594.1148118,1780.6566004,187,0.0327478452626741,0.0716478836918819
6780,1985,44902.32,5119.68,180,0.102348566630683,0.0333585757793056
6780,1987,47413.82,1549.74,149,0.0316508848621301,0.0230132817715248
6780,1989,68992.54,0,197,0,0.0395508179302466
6780,1991,56770.73,4040.96,163,0.0664503814973733,0.0373403398724229
6780,1993,50463.15,3437.19,206,0.0637693565569345,0.0355593456280275
6780,1995,59175.34,3315.92,174,0.0530621402096869,0.0299113562336598
6780,1997,58207.9461186,2589.3371646,161,0.0425896853406854,0.0383419682348055
6780,1999,68683.5022524,0,160,0,0.0392091368017709
6780,2001,62883.0931956,2917.6705079,161,0.0443409824397647,0.0440335909850752
6780,2003,49651.6256053,1963.6657313,164,0.0380442632493208,0.0536587047351861
6780,2005,41877.6773592,0,160,0,0.061312116709594
6780,2007,58215.0125421,4664.4785426,137,0.074181238781288,0.0791634658584688
6780,2009,67033.9704913,6409.9255835,156,0.0872764916634014,0.0576430151015365
6780,2011,92047.2695236,4430.0823864,176,0.0459183663180624,0.0588426603252631
6780,2013,111273.9879725,3589.3285716,172,0.0312486934871146,0.0559749175051449
7040,1985,27605.04,0,175,0,0.070280096580055
7040,1987,22788.96,6274.33,173,0.215885056371801,0.0599348025722742
7040,1989,30310.78,0,180,0,0.076472338730996
7040,1991,34095.66,3509.03,181,0.0933136265715792,0.0742618606731724
7040,1993,27846.11,3961.75,204,0.124552547703618,0.0724808664287769
7040,1995,37471.44,1967.3,180,0.0498824252498939,0.0668328770344093
7040,1997,32336.9354048,1851.3313749,169,0.0541510743094841,0.0752634890355549
7040,1999,38231.8335275,0,168,0,0.0761306576025204
7040,2001,43479.8099367,7267.7950034,165,0.143214542084864,0.0809551117858247
7040,2003,28121.4173832,4355.7985001,161,0.134118593039244,0.0905802255359355
7040,2005,40025.80613,4132.1310431,168,0.093576179224631,0.0982336375103434
7040,2007,45829.7475403,0,146,0,0.116084986659218
7040,2009,47639.5258135,6117.0248902,144,0.113791246092339,0.094564535902286
7040,2011,54661.91101345,5466.4783745,159,0.0909134342386944,0.0957641811260126
7040,2013,52590.38171022,6564.4007396,159,0.110969907550053,0.0928964383058944
7320,1985,53248.89,0,200,0,0.0219704957420898
7320,1987,64029.53,1992.95,177,0.0301859306103012,0.011625201734309
7320,1989,79874,3087.04,216,0.0372107196341801,0.0281627378930308
7320,1991,67417.86,3402.48,185,0.0480438246978199,0.0259522598352072
7320,1993,73699.5,3981.93,227,0.0512597412277297,0.0241712655908117
7320,1995,93331.92,3774.59,192,0.0388706174282239,0.0185232761964441
7320,1997,94969.9070475,2606.6848779,185,0.0267142439233057,0.0269538881975897
7320,1999,81485.5471513,3842.2931344,178,0.0450297713095163,0.0278210567645551
7320,2001,84851.4298121,2980.5761208,184,0.0339349658378181,0.0326455109478594
7320,2003,78516.7335422,1963.6657313,197,0.0243993040420536,0.0422706246979703
7320,2005,87379.063978,2219.3444652,183,0.0247699094633688,0.0499240366723782
7320,2007,83676.0890107,1406.9942765,165,0.0165367100267236,0.067775385821253
7320,2009,104136.1088245,7265.0899541,176,0.065215545557447,0.0462549350643208
7320,2011,120320.6111835,1467.462435,199,0.0120493114916721,0.0474545802880474
7320,2013,114321.4193626,6565.7568677,210,0.0543130964957912,0.0445868374679292
7360,1985,26674.21,0,137,0,0.0249447493580498
7360,1987,30878.32,0,106,0,0.014599455350269
7360,1989,38524.65,0,146,0,0.0311369915089908
7360,1991,24987.51,1701.24,104,0.0637437122383026,0.0289265134511671
7360,1993,45081.46,0,181,0,0.0271455192067717
7360,1995,40838.22,0,108,0,0.0214975298124041
7360,1997,43794.3273394,0,111,0,0.0299281418135497
7360,1999,41056.8121719,0,118,0,0.0307953103805151
7360,2001,20780.283819,5898.2466287,118,0.221085889279501,0.0356197645638194
7360,2003,17982.240732,1247.5765488,115,0.0648771920493307,0.0452448783139303
7360,2005,13586.4847884,1286.9694531,112,0.0865279465148782,0.0528982902883382
7360,2007,35772.9732848,1406.9942765,98,0.0378428053811568,0.070749639437213
7360,2009,35786.3646856,0,97,0,0.0492291886802807
7360,2011,47408.1332041,1425.4235107,109,0.0291894264229989,0.0504288339040074
7360,2013,40275.2332204,2976.4282961,117,0.0688165076609722,0.0475610910838891
7400,1985,45126.02,0,142,0,0.0263262207650238
7400,1987,46966.98,3985.9,135,0.0782271777375489,0.015980926757243
7400,1989,42474.87,1435.1,172,0.0326827825206895,0.0325184629159648
7400,1991,33999.8,2321.65,132,0.0639195296443286,0.0303079848581411
7400,1993,34018.19,1622.73,176,0.0455299694845139,0.0285269906137457
7400,1995,31459.15,0,119,0,0.022879001219378
7400,1997,37284.5236589,1294.6685823,120,0.033558727051765,0.0313096132205237
7400,1999,43154.8219808,0,126,0,0.0321767817874891
7400,2001,41710.4170176,2980.5761208,125,0.0666929936322894,0.0370012359707934
7400,2003,39792.7997456,3195.7422895,135,0.0743393969232706,0.0466263497209043
7400,2005,26304.0941767,2573.9389062,125,0.089131378816937,0.0542797616953122
7400,2007,37835.0684919,0,106,0,0.072131110844187
7400,2009,28274.4444085,0,100,0,0.0506106600872547
7400,2011,57911.30425198,1425.4235107,130,0.0240226174318383,0.0518103053109814
7400,2013,57651.81058334,2437.7935896,132,0.0405693068402305,0.0489425624908631
7600,1985,67970.64,5120.44,180,0.0700556073326595,0.033395561403466
7600,1987,69346.46,0,169,0,0.0230502673956852
7600,1989,67071.88,0,224,0,0.039587803554407
7600,1991,59732.79,0,175,0,0.0373773254965833
7600,1993,61741.21,1717.31,232,0.0270619295880206,0.0355963312521879
7600,1995,78368.98,1319.77,175,0.0165615598186695,0.0299483418578202
7600,1997,55975.6931511,4037.5717511,155,0.0672779885860199,0.0383789538589659
7600,1999,69025.4745947,2123.6732329,176,0.029848189300114,0.0392461224259313
7600,2001,69027.9097996,1490.2880604,173,0.0211333826675304,0.0440705766092356
7600,2003,54179.3175785,3061.8897858,177,0.0534910063359291,0.0536956903593465
7600,2005,66203.6886734,3506.3139183,175,0.0502985767887129,0.0613491023337544
7600,2007,71047.103227,3989.1181743,150,0.0531625673548494,0.0792004514826292
7600,2009,74451.3775139,6097.6276323,150,0.0757008434956153,0.0576800007256969
7600,2011,60746.3140264,15807.4451314,172,0.206488163420116,0.0588796459494235
7600,2013,75040.4867058,2509.1961786,171,0.0323559824524409,0.0560119031293053
8280,1985,62085.73,10055.68,207,0.139388459416027,0.0903299355659007
8280,1987,64620.58,7905.29,200,0.108999588698488,0.0799846415581199
8280,1989,69267.87,5686.89,218,0.075870965366309,0.0965221777168417
8280,1991,80421.73,6470.38,198,0.0744645284825055,0.094311699659018
8280,1993,73830.88,3184.85,230,0.0413532404354279,0.0925307054146226
8280,1995,66436.98,4107.31,206,0.0582231389670234,0.086882716020255
8280,1997,56424.352387,4895.7846036,184,0.0798397532013096,0.0953133280214006
8280,1999,26625.3535342,8212.9978058,184,0.235745880327298,0.096180496588366
8280,2001,53275.3579469,7276.9451611,192,0.120176191285755,0.10100495077167
8280,2003,52242.0065496,7552.8703098,188,0.126313000485972,0.110630064521781
8280,2005,53561.8986916,3481.867325,181,0.06103852477038,0.118283476496189
8280,2007,62283.0783463,6709.1893847,161,0.0972455262792498,0.136134825645064
8280,2009,64932.0143292,10033.6832986,154,0.13384365938161,0.114614374888132
8280,2011,66539.68557324,7007.7226029,180,0.0952817070877206,0.115814020111858
8280,2013,72162.6772887,8197.9167694,179,0.10201413846534,0.11294627729174
8840,1985,46081.78,3578.08,275,0.0720517536698654,0.0424742571711818
8840,1987,59519,0,223,0,0.032128963163401
8840,1989,46981.07,1582.57,289,0.0325875490387459,0.0486664993221228
8840,1991,49770.13,0,226,0,0.0464560212642992
8840,1993,54298.13,1638.58,316,0.0292934639881395,0.0446750270199037
8840,1995,57890.29,2657.88,225,0.043896950147296,0.0390270376255361
8840,1997,47937.9828708,1651.6551986,197,0.0333064580202931,0.0474576496266817
8840,1999,53986.782544,1795.2571658,221,0.0321834263347061,0.0483248181936471
8840,2001,27268.0400889,0,207,0,0.0531492723769514
8840,2003,39782.8271557,4443.2225706,218,0.100466186740566,0.0627743861270623
8840,2005,21109.4428548,4910.9121155,195,0.188733478890099,0.0704277981014702
8840,2007,51756.8962154,5035.958676,183,0.0886723987661797,0.088279147250345
8840,2009,59656.028992,6880.5835361,188,0.103410487469499,0.0667586964934127
8840,2011,63982.8437275,3713.4979334,224,0.0548552232261147,0.0679583417171394
8840,2013,58792.7629442,4088.6367253,220,0.0650214013490408,0.0650905988970212
